http://www.facebook.com,https://static.xx.fbcdn.net/rsrc.php/y8/r/dF5SId3UHWd.svg
http://www.twitter.com,No logos to scrape
http://www.ask.com,https://www.ask.com/wp-content/themes/ask-2022/assets/images/site-logo.svg
http://www.att.com,No logos to scrape
http://www.go.com,No logos to scrape
http://www.indeed.com,403: The requested resource is forbidden
http://www.verizonwireless.com,No logos to scrape
http://www.godaddy.com,403: The requested resource is forbidden
http://www.directv.com,Timeout
http://www.whitepages.com,403: The requested resource is forbidden
http://www.surveymonkey.com,No logos to scrape
http://www.comcast.com,403: The requested resource is forbidden
http://www.t-mobile.com,https://t-mobile.scene7.com/is/image/Tmusprod/Samsung_Galaxy-Z-Flip5_Logo_wht?ts=1690308979445&$pngtransparent$&dpr=off
http://www.aol.com,No logos to scrape
http://www.verizon.com,No logos to scrape
http://www.shopify.com,No logos to scrape
http://www.sprint.com,https://t-mobile.scene7.com/is/image/Tmusprod/Samsung_Galaxy-Z-Flip5_Logo_wht?ts=1690308979445&$pngtransparent$&dpr=off
http://www.spokeo.com,403: The requested resource is forbidden
http://www.bing.com,No logos to scrape
http://www.lg.com,https://www.lg.com/lg5-common-gp/images/common/header/logo-b2c-m.jpg
http://www.timewarnercable.com,403: The requested resource is forbidden
http://www.constantcontact.com,403: The requested resource is forbidden
http://www.zoho.com,No logos to scrape
http://www.wix.com,"https://static.wixstatic.com/media/0784b1_335406154fc24aedaa951f6b2dd51445~mv2.jpg/v1/fill/w_113,h_113,al_c,q_80,usm_0.66_1.00_0.01,blur_2,enc_auto/f-4.jpg"
http://www.gotomeeting.com,No logos to scrape
http://www.dish.com,/global/includes/hero-global/images/nfl/logos_v2.png
http://www.shareasale.com,No logos to scrape
http://www.intelius.com,403: The requested resource is forbidden
http://www.charter.com,403: The requested resource is forbidden
http://www.bizrate.com,No logos to scrape
http://www.conduit.com,https://d3185mdpnf0eap.cloudfront.net/logo.png
http://www.mediaplex.com,No logos to scrape
http://www.webs.com,//secure.websimages.com/v55a7611/active-static/target/external/images/brands/webs.png
http://www.about.com,"https://images.prismic.io/ddhomepage/56718115-6d29-4a92-8482-02f4b3b4a536_DCipher_logo+%281%29.png?auto=compress,format&fit=clip&cs=srgb&dpr=3&q=100"
http://www.blackberry.com,/content/dam/bbcomv4/blackberry-com/en/homepage/homepage_m3_bb-cybersecurity.svg
http://www.hubspot.com,No logos to scrape
http://www.centurylink.com,/assets/images/page-components/home/redesign/epixLogo.png
http://www.skype.com,No logos to scrape
http://www.exacttarget.com,https://wp.salesforce.com/en-us/wp-content/uploads/sites/4/2023/05/accenture-2.jpg?w=320
http://www.motorola.com,No logos to scrape
http://www.reachlocal.com,https://localiq.com/wp-content/uploads/2023/01/TaglineNone-BackgroundLight.svg
http://www.peoplefinders.com,403: The requested resource is forbidden
http://www.qualcomm.com,No logos to scrape
http://www.hostgator.com,403: The requested resource is forbidden
http://www.rackspace.com,/themes/custom/hansel/images/rs-logo-2021B.svg
http://www.cox.com,No logos to scrape
http://www.box.com,"data:image/gif;base64,R0lGODlhAQABAAAAACH5BAEKAAEALAAAAAABAAEAAAICTAEAOw=="
http://www.spiceworks.com,403: The requested resource is forbidden
http://www.metropcs.com,https://t-mobile.scene7.com/is/image/Tmusprod/Apple_TV-Plus_MLS-Season-Pass_Lockup_W_RGB1?ts=1676671123746&fmt=png-alpha&dpr=off
http://www.verticalresponse.com,403: The requested resource is forbidden
http://www.alot.com,No logos to scrape
http://www.zagg.com,https://cdn11.bigcommerce.com/s-uv4dd6xvbk/images/stencil/90x36/zagg-logo_1685998456__03358.original.png
http://www.webex.com,/content/dam/wbx/us/images/homepage/WX1-Launch-Banner-new.svg
http://www.otterbox.com,No logos to scrape
http://www.sulekha.com,No logos to scrape
http://www.formstack.com,https://uploads-ssl.webflow.com/5e84fbb7a2e28dc5497c62f3/5f89c453ab7da01bba858ae2_element-formstack-dark-logo.svg
http://www.msn.com,No logos to scrape
http://www.mylife.com,No logos to scrape
http://www.rdio.com,Connection Error
http://www.icontact.com,"data:image/svg+xml,%3Csvg%20xmlns='http://www.w3.org/2000/svg'%20viewBox='0%200%20176%2042'%3E%3C/svg%3E"
http://www.ning.com,No logos to scrape
http://www.virginmobileusa.com,403: The requested resource is forbidden
http://www.avaya.com,https://www.avaya.com/static/avaya/assets/images/homepage/Hero-Logo-v1.png
http://www.bigcommerce.com,https://www-cdn.bigcommerce.com/assets/bc-logo-dark.svg
http://www.yandex.ru,No logos to scrape
http://www.nokia.com,Timeout
http://www.univision.com,/_next/static/images/logo-univision-color.49f6b4c4450cea582fa78cbc00dee7d8.svg
http://www.jawbone.com,No logos to scrape
http://www.rakuten.co.jp,Timeout
http://www.networksolutions.com,403: The requested resource is forbidden
http://www.8x8.com,"https://ik.imagekit.io/8x8/v3/assets/blte621f0a2bd0e9f69/blta52eade9b47d6259/60df8ee7979c171ed133db6d/logo-microsoft-teams-cropped.svg?cache=dbb5d136254e4e50b050ef0e556558da&tr=ar-1-1,fo-auto,w-150"
http://www.vonage.com,403: The requested resource is forbidden
http://www.baidu.com,No logos to scrape
http://www.business.com,No logos to scrape
http://www.mitel.com,403: The requested resource is forbidden
http://www.bluehost.com,403: The requested resource is forbidden
http://www.sonymobile.com,No logos to scrape
http://www.ringcentral.com,"data:image/svg+xml,%3Csvg viewBox=%220 0 240 240%22 xmlns=%22http://www.w3.org/2000/svg%22%2F%3E
"
http://www.paltalk.com,No logos to scrape
http://www.sharefile.com,No logos to scrape
http://www.campusexplorer.com,403: The requested resource is forbidden
http://www.riverbed.com,/riverbed-wp-content/themes/riverbed/dist/images/header/riverbed-logo.png
http://www.marinsoftware.com,https://assets-global.website-files.com/60ffbc3a211dee0d1874db96/64d153ed67416de35729823c_Marin-logo-2023_RGB.svg
http://www.mycricket.com,/uiassets/logo_cricket_green_line_small.png
http://www.gotowebinar.com,/-/media/images/shared/logos/partners/amazon-advertising_1.png?h=372&w=410&la=en&hash=13CC2C2F71432FCF7465036E2F3F231A
http://www.mail.com,"data:image/svg+xml;base64,PD94bWwgdmVyc2lvbj0iMS4wIiBlbmNvZGluZz0idXRmLTgiPz4KPCEtLSBHZW5lcmF0b3I6IEFkb2JlIElsbHVzdHJhdG9yIDI0LjMuMCwgU1ZHIEV4cG9ydCBQbHVnLUluIC4gU1ZHIFZlcnNpb246IDYuMDAgQnVpbGQgMCkgIC0tPgo8c3ZnIHZlcnNpb249IjEuMSIgaWQ9IkxheWVyXzEiIHhtbG5zPSJodHRwOi8vd3d3LnczLm9yZy8yMDAwL3N2ZyIgeG1sbnM6eGxpbms9Imh0dHA6Ly93d3cudzMub3JnLzE5OTkveGxpbmsiIHg9IjBweCIgeT0iMHB4IgoJIHZpZXdCb3g9IjAgMCA1NDIuNSAxNDUiIHN0eWxlPSJlbmFibGUtYmFja2dyb3VuZDpuZXcgMCAwIDU0Mi41IDE0NTsiIHhtbDpzcGFjZT0icHJlc2VydmUiPgo8c3R5bGUgdHlwZT0idGV4dC9jc3MiPgoJLnN0MHtmaWxsOiNGRkZGRkY7fQo8L3N0eWxlPgo8cGF0aCBjbGFzcz0ic3QwIiBkPSJNMTgzLjksMjEuNmMtMTkuNywwLTM1LjcsMTYtMzUuNywzNy40YzAsMjEuMywxNS45LDM3LjMsMzUuNSwzNy4zYzEwLjEsMCwxOS01LjEsMjQuNi0xMi44djExaDExLjNWNTkKCUMyMTkuNSwzOC4xLDIwNC4xLDIxLjYsMTgzLjksMjEuNnogTTE4My45LDg1LjRjLTEzLjIsMC0yNC0xMS40LTI0LTI2LjRjMC0xNC45LDEwLjgtMjYuNiwyNC0yNi42YzEzLDAsMjQsMTEuOSwyNCwyNi42CglTMTk3LDg1LjQsMTgzLjksODUuNHogTTI4MC4zLDgzLjV2MTFjLTE2LjcsMS45LTI4LjItNy45LTI4LjItMjUuOVYyLjVoMTEuNnY2NS43QzI2My44LDgwLjcsMjcxLjUsODMuOSwyODAuMyw4My41eiBNMjI5LjgsMjMuNAoJaDExLjd2NzEuMWgtMTEuN1YyMy40eiBNMjI5LjgsMi41aDExLjd2MTEuN2gtMTEuN1YyLjV6IE0zMDguMSw1OWMwLDE0LjQsMTAuOCwyNS45LDIzLjksMjUuOWM5LjQsMCwxNi43LTQuOCwyMC42LTEyLjZoMTIuNgoJQzM2MC41LDg2LjcsMzQ3LjksOTYsMzMyLjEsOTZjLTE5LjYsMC0zNS42LTE2LjYtMzUuNi0zNy4xYzAtMjAuNiwxNi0zNy40LDM1LjYtMzcuNGMxNS45LDAsMjguMyw5LjQsMzMuMSwyMy43aC0xMi42CgljLTQtNy43LTExLjMtMTIuNi0yMC42LTEyLjZDMzE4LjksMzIuOCwzMDguMSw0NC43LDMwOC4xLDU5eiBNNDAyLjYsMjEuNmMtMjAuMSwwLTM1LjcsMTYuOC0zNS43LDM3LjVjMCwyMC40LDE1LjYsMzcuMSwzNS43LDM3LjEKCWMyMC4zLDAsMzUuNy0xNi43LDM1LjctMzcuMUM0MzguNCwzOC41LDQyMi45LDIxLjYsNDAyLjYsMjEuNnogTTQwMi42LDg1Yy0xMy4xLDAtMjMuOS0xMS42LTIzLjktMjUuOGMwLTE0LjUsMTAuOC0yNi40LDIzLjktMjYuNAoJYzEzLjMsMCwyNCwxMS45LDI0LDI2LjRDNDI2LjYsNzMuNCw0MTUuOSw4NSw0MDIuNiw4NXogTTI4Ni40LDgyLjhoMTEuN3YxMS43aC0xMS43VjgyLjh6IE01MzkuOCw0OXY0NS41aC0xMS43di00NgoJYzAtOS4yLTYuMS0xNi4xLTE1LjUtMTYuMWMtOS40LDAtMTUuNSw2LjktMTUuNSwxNi4xdjQ2aC0xMS43di00NmMwLTkuMi02LjEtMTYuMS0xNS41LTE2LjFzLTE1LjUsNi45LTE1LjUsMTYuMXY0NmgtMTEuN1YyMS42SDQ3MAoJYzkuNywwLDE3LjEsNC42LDIxLjMsMTEuN2M0LjMtNy4yLDExLjctMTEuNywyMS40LTExLjdDNTI4LjgsMjEuNiw1MzkuOCwzMy41LDUzOS44LDQ5eiIvPgo8cGF0aCBjbGFzcz0ic3QwIiBkPSJNMTA3LjYsMi41SDIuNXY5MS40YzAsOC4yLDUuNiwxNSwxMy4xLDE3bDAsMGwxMjYuOSwzMS43VjM3LjVDMTQyLjYsMTguMiwxMjYuOSwyLjUsMTA3LjYsMi41eiBNMTI1LjEsOTMuOQoJaC0xNy42VjUzLjhjMC0zLjktMS4zLTEzLTEyLjktMTNjLTcuNywwLTEzLjMsNS4zLTEzLjMsMTN2NDAuMUg2My43VjUzLjhjMC0zLjktMS4yLTEzLTEyLjgtMTNjLTcuOSwwLTEzLjMsNS4zLTEzLjMsMTN2NDAuMUgyMAoJVjIzLjZoMzAuOWM5LjMsMCwxNi45LDMuNywyMS44LDkuN2M1LjItNiwxMi45LTkuNywyMS44LTkuN2MxOS4yLDAsMzAuNSwxMi43LDMwLjUsMzAuNkwxMjUuMSw5My45TDEyNS4xLDkzLjl6Ii8+Cjwvc3ZnPgo="
http://www.atdmt.com,Connection Error
http://www.rebtel.com,No logos to scrape
http://www.1and1.com,"data:image/svg+xml;charset=utf-8,%3Csvg xmlns%3D'http%3A%2F%2Fwww.w3.org%2F2000%2Fsvg' viewBox%3D'0 0 1 1'%2F%3E"
http://www.bluejeans.com,No logos to scrape
http://www.vzw.com,No logos to scrape
http://www.mimecast.com,https://assets.mimecast.com/api/public/content/aac7c7d3363d4892b9f909aa59250d04?v=52228a06
http://www.uscellular.com,/content/dam/uscc-static/assets/images/confirm-approve-checkmark-blue.png
http://www.getsatisfaction.com,403: The requested resource is forbidden
http://www.hughesnet.com,/sites/default/files/FCCWhitelogo.png
http://www.aweber.com,https://assets.aweber-static.com/www/assets/img/email-automation/paypal.ce31b24c.png
http://www.animoto.com,No logos to scrape
http://www.neat.com,No logos to scrape
http://www.peoplesmart.com,//frcdn.peoplesmart.com/assets/img/9171a837fd4de151b8e08d542a04eec4.svg
http://www.megapath.com,No logos to scrape
http://www.swagbucks.com,No logos to scrape
http://www.boingo.com,No logos to scrape
http://www.greatcall.com,403: The requested resource is forbidden
http://www.secureserver.net,403: The requested resource is forbidden
http://www.fonality.com,403: The requested resource is forbidden
http://www.globo.com,https://s3.glbimg.com/v1/AUTH_fd78dc4be9404a2e92b908ade306e9e6/prod/header_svgs/logo-globoplay.svg
http://www.sugarsync.com,/assets/img/logo-adfca65fa4.svg
http://www.bmc.com,/content/dam/bmc/logos/bmc/logo-connect.png
http://www.terra.com,No logos to scrape
http://www.weebly.com,No logos to scrape
http://www.naver.com,No logos to scrape
http://www.register.com,403: The requested resource is forbidden
http://www.sproutsocial.com,No logos to scrape
http://www.dishnetwork.com,Connection Error
http://www.efax.com,403: The requested resource is forbidden
http://www.about.me,No logos to scrape
http://www.one.com,No logos to scrape
http://www.vpweb.com,Timeout
http://www.teamtreehouse.com,https://ecs-static.teamtreehouse.com/assets/views/marketing/home/logos/nikelogo-455fab4544edae3b7e1d85729a8b44c8efebb734ebffa520d73afc361503959c.png
http://www.airpush.com,Timeout
http://www.tradedoubler.com,403: The requested resource is forbidden
http://www.compete.com,403: The requested resource is forbidden
http://www.rcn.com,/wp-content/themes/astound/images/logos/logo-astound-vertical.png
http://www.nextiva.com,https://nextivaweb.imgix.net/logos/Nextiva-Logo.svg?auto=format
http://www.live.com,No logos to scrape
http://www.ifbyphone.com,No logos to scrape
http://www.whatcounts.com,No logos to scrape
http://www.readytalk.com,Connection Error
http://www.plantronics.com,/etc.clientlibs/poly/clientlibs/clientlib-site/resources/images/poly-logo.svg
http://www.hostway.com,"data:image/gif;base64,R0lGODlhAQABAAAAACH5BAEKAAEALAAAAAABAAEAAAICTAEAOw=="
http://www.semrush.com,No logos to scrape
http://www.kudzu.com,Timeout
http://www.zinio.com,https://admin-project-assets.ziniopro.com/99/20190516161716-Zinio_WebTopNavLogo.png
http://www.wirefly.com,/sites/wirefly.com/themes/wirefly/images/cell-phone-carriers.jpg
http://www.sonyentertainmentnetwork.com,No logos to scrape
http://www.twilio.com,/content/dam/twilio-com/global/en/homepage/homepage-new/twilio_mark.svg
http://www.actonsoftware.com,403: The requested resource is forbidden
http://www.newhaven.edu,Connection Error
http://www.ussearch.com,403: The requested resource is forbidden
http://www.name.com,https://namedotcom-cdn.name.tools/media/identitydigital/identitydigital_logo.webp
http://www.3dcart.com,No logos to scrape
http://www.altova.com,No logos to scrape
http://www.android.com,No logos to scrape
http://www.jimdo.com,/static/50a5605a5a12937b1f9a4310b39c987c/956ea/logo_1.png
http://www.headsets.com,No logos to scrape
http://www.phonepower.com,/images/min/homepage/phonepower_logo.png
http://www.prana.com,No logos to scrape
http://www.templatemonster.com,https://s3sf.tmimgcdn.com/af03eb7d785ce2f17c5ace599f051fce.svg
http://www.puretalkusa.com,No logos to scrape
http://www.findmespot.com,/SPOT/media/Logos/spot-logo.svg
http://www.gazelle.com,No logos to scrape
http://www.tracfone.com,No logos to scrape
http://www.infoblox.com,https://www.infoblox.com/wp-content/uploads/infoblox-logo-2.svg
http://www.houzz.com,//www.houzz.com/res/28213734/pic/houzz_logo.svg?v=28213734
http://www.verizon.net,No logos to scrape
http://www.rogers.com,No logos to scrape
http://www.pgi.com,403: The requested resource is forbidden
http://www.lifesize.com,403: The requested resource is forbidden
http://www.comm100.com,/wp-content/uploads/images/logo-comm100-2022.svg
http://www.bitly.com,https://docrdsfx76ssb.cloudfront.net/static/1692819390/pages/wp-content/uploads/2021/08/bitly_logo.svg
http://www.proofpoint.com,No logos to scrape
http://www.niu.edu,https://niu.edu/masterto/themes/Theme_1_0/css/theme_images/niu_logo.png
http://www.namecheap.com,No logos to scrape
http://www.rtrk.com,Timeout
http://www.avangate.com,No logos to scrape
http://www.earthlink.net,403: The requested resource is forbidden
http://www.onstar.com,/content/dam/onstar/na/us/en/navigation/01-images/os-header-logo-shared.svg
http://www.tel3.com,/images/tel3-logo-svg.svg
http://www.ipage.com,https://www.register.com/content/dam/register/target/mktg-13867/web-logo.png
http://www.toptenreviews.com,https://vanilla.futurecdn.net/toptenreviews/media/img/missing-image.svg
http://www.godish.com,"data:image/gif;base64,R0lGODlhAQABAAAAACH5BAEKAAEALAAAAAABAAEAAAICTAEAOw=="
http://www.quirky.com,Connection Error
http://www.mediatemple.net,403: The requested resource is forbidden
http://www.winegard.com,https://cdn11.bigcommerce.com/s-ltdyg0lu1n/images/stencil/250x63/winegard-logo_1631254366__84634.original.png
http://www.ooma.com,Timeout
http://www.good.com,/content/dam/bbcomv4/blackberry-com/en/homepage/homepage_m3_bb-cybersecurity.svg
http://www.optimum.com,No logos to scrape
http://www.onecallnow.com,No logos to scrape
http://www.webcrawler.com,403: The requested resource is forbidden
http://www.safelinkwireless.com,Timeout
http://www.intercall.com,Connection Error
http://www.pingdom.com,No logos to scrape
http://www.box.net,"data:image/gif;base64,R0lGODlhAQABAAAAACH5BAEKAAEALAAAAAABAAEAAAICTAEAOw=="
http://www.webnode.com,No logos to scrape
http://www.gazeta.pl,"//bi.im-g.pl/im/47/b2/e8/z15249991Q,Logo-Publio.jpg"
http://www.kissmetrics.com,403: The requested resource is forbidden
http://www.stackexchange.com,No logos to scrape
http://www.livehelpnow.net,No logos to scrape
http://www.ting.com,https://assets-global.website-files.com/60c7597c9e4addef342e8d01/61093707afc6c17966d420eb_ting.svg
http://www.mophie.com,https://cdn11.bigcommerce.com/s-uv4dd6xvbk/images/stencil/90x36/zagg-logo_1685998456__03358.original.png
http://www.tinyurl.com,No logos to scrape
http://www.myfax.com,403: The requested resource is forbidden
http://www.stumbleupon.com,403: The requested resource is forbidden
http://www.consolidated.com,No logos to scrape
http://www.case-mate.com,//case-mate.com/cdn/shop/files/CM-logo_black_3cce415f-c8bc-43ff-afc6-b85f5e674fc7_340x.png?v=1671483780
http://www.comcast.net,403: The requested resource is forbidden
http://www.vagaro.com,403: The requested resource is forbidden
http://www.internap.com,Connection Error
http://www.cellularoutfitter.com,No logos to scrape
http://www.motorolasolutions.com,https://www.motorolasolutions.com/content/dam/msi/assets/msisolutions.png
http://www.info.com,403: The requested resource is forbidden
http://www.dealtime.com,No logos to scrape
http://www.ivillage.com,No logos to scrape
http://www.3dissue.com,https://static.3dissue.com/images/logos/3d_issue_blue_small.svg
http://www.spigen.com,No logos to scrape
http://www.findthebest.com,/markmonitor_tagline_logo.png
http://www.trumpia.com,No logos to scrape
http://www.griffintechnology.com,No logos to scrape
http://www.softlayer.com,No logos to scrape
http://www.justhost.com,403: The requested resource is forbidden
http://www.meraki.com,403: The requested resource is forbidden
http://www.myway.com,https://ak.staticimgfarm.com/images/webtooltab/assets/logos/mywaydefault.png
http://www.freeconferencecall.com,/images/application_wide/general/logo/freeconferencecall-logo.svg
http://www.brighthouse.com,403: The requested resource is forbidden
http://www.home.pl,https://home.pl/assets-cms/5255baf2-bdd8-465f-9703-24f888db8152/25-lat-short-left-1.svg?version=0
http://www.acquia.com,/themes/custom/juice/logo.svg
http://www.sakura.ne.jp,"https://p1-1e04e672.imageflux.jp/a=0,u=0,f=webp:png/common/images/rs-logo.png"
http://www.inbox.com,No logos to scrape
http://www.mxtoolbox.com,No logos to scrape
http://www.viglink.com,403: The requested resource is forbidden
http://www.nifty.com,No logos to scrape
http://www.harris.com,No logos to scrape
http://www.italkbb.com,No logos to scrape
http://www.securepaynet.net,403: The requested resource is forbidden
http://www.bluetooth.com,403: The requested resource is forbidden
http://www.brandbucket.com,403: The requested resource is forbidden
http://www.credomobile.com,Connection Error
http://www.cchgroup.com,https://cdn.wolterskluwer.io/wk/fundamentals/1.15.2/logo/assets/medium.svg
http://www.incredimail.com,No logos to scrape
http://www.dogpile.com,403: The requested resource is forbidden
http://www.ubreakifix.com,403: The requested resource is forbidden
http://www.thenextweb.com,403: The requested resource is forbidden
http://www.flippa.com,https://d1zazrti94enmy.cloudfront.net/assets/logo-flippa-2023-2075c0837ad995efb4fe1197ec2734106ae940ebb78f4da453cf2aac0f9c4b2a.svg
http://www.cartoys.com,No logos to scrape
http://www.sedo.com,No logos to scrape
http://www.surveygizmo.com,No logos to scrape
http://www.123contactform.com,"https://sp-ao.shortpixel.ai/client/to_auto,q_glossy,ret_img,w_130,h_24/https://www.123formbuilder.com/wp-content/uploads/2021/10/cropped-123FormBuilder-logo-27px@2x.png"
http://www.ucoz.com,No logos to scrape
http://www.televisionfanatic.com,No logos to scrape
http://www.findtherightjob.com,Timeout
http://www.zimbra.com,No logos to scrape
http://www.lingo.com,https://www.lingo.com/wp-content/uploads/2023/04/Lingo-Logo-Co-brand-Transparent-Background.png
http://www.cellphoneshop.net,Connection Error
http://www.phone.com,403: The requested resource is forbidden
http://www.mywebsearch.com,Connection Error
http://www.soluto.com,Connection Error
http://www.backupify.com,https://www.datto.com/img/brand/backupify-logo-white.svg
http://www.livedoor.jp,Connection Error
http://www.adblade.com,No logos to scrape
http://www.cakemail.com,https://assets.website-files.com/607471236424c7aca15441e9/626f1d06ba1d9565e7bc61db_cakemail-wordmark%403x.png
http://www.radaris.com,/img/logo-bbj.svg
http://www.benchmarkemail.com,403: The requested resource is forbidden
http://www.tinydeal.com,403: The requested resource is forbidden
http://www.ebizautos.com,No logos to scrape
http://www.liquidweb.com,No logos to scrape
http://www.scorebig.com,No logos to scrape
http://www.consumercellular.com,403: The requested resource is forbidden
http://www.vodafone.com,No logos to scrape
http://www.brighttalk.com,403: The requested resource is forbidden
http://www.liferay.com,/documents/10182/360801865/airbus-gray.svg/6d8cd43f-3b6e-ce6c-7fa1-f327d2253dc7/airbus-gray.svg?t=1621275770345&download=true
http://www.marchex.com,https://www.marchex.com/wp-content/uploads/2021/07/1-carrier-logo.png
http://www.freewebs.com,//secure.websimages.com/v55a7611/active-static/target/external/images/brands/webs.png
http://www.digicelgroup.com,No logos to scrape
http://www.012global.com,./Slices/Big-logo3.png
http://www.earthlinkbusiness.com,Timeout
http://www.1shoppingcart.com,403: The requested resource is forbidden
http://www.buuteeq.com,Connection Error
http://www.grasshopper.com,//logmeincdn.azureedge.net/sc-grasshoppermedia/-/media/05b314a90da84908a4024dcd036e7d1a.svg?la=en&hash=47C359671345F3AA0ED3E583D70B044B7ECEAC0F
http://www.ciena.com,https://www.ciena.com/__data/assets/file/0026/13796/prx-logo.svg
http://www.test.com,Timeout
http://www.mailjet.com,No logos to scrape
http://www.polycom.com,/etc.clientlibs/poly/clientlibs/clientlib-site/resources/images/poly-logo.svg
http://www.demandbase.com,403: The requested resource is forbidden
http://www.squidoo.com,Connection Error
http://www.thrillist.com,No logos to scrape
http://www.unitrends.com,403: The requested resource is forbidden
http://www.solidsignal.com,https://www.solidsignal.com/images/solid-signal-logo.png
http://www.localedge.com,403: The requested resource is forbidden
http://www.singtel.com,No logos to scrape
http://www.dialmycalls.com,No logos to scrape
http://www.sapo.pt,/assets/img/blank.png
http://www.payloadz.com,/images/logo02.png
http://www.vibe.com,No logos to scrape
http://www.hostmonster.com,403: The requested resource is forbidden
http://www.kentico.com,"https://res-4.cloudinary.com/xperience-io/image/upload/c_lfill,dpr_1,w_150/f_auto,q_auto/v1/logos/globalsite_gartner_logo_blrgxi"
http://www.vanillaforums.com,403: The requested resource is forbidden
http://www.promotive.com,403: The requested resource is forbidden
http://www.biznessapps.com,"data:image/gif;base64,R0lGODlhAQABAAAAACH5BAEKAAEALAAAAAABAAEAAAICTAEAOw=="
http://www.chitika.com,No logos to scrape
http://www.twcbc.com,403: The requested resource is forbidden
http://www.telstra.com.au,/content/dam/tcom/library/cam-campaign/CAM-DCAEG53534-samsung-galaxyZSeries-black-logoDesktop.svg
http://www.engadget.com,https://s.yimg.com/uu/api/res/1.2/MAd0hAgFNEsHn81veE_SHg--~B/Zmk9ZmlsbDtoPTQyMTtweW9mZj0wO3c9NjQwO2FwcGlkPXl0YWNoeW9u/https://s.yimg.com/os/creatr-uploaded-images/2023-08/7c458070-4284-11ee-bfbf-cdad471a84de.cf.jpg
http://www.charterbusiness.com,403: The requested resource is forbidden
http://www.sailthru.com,https://www.sailthru.com/content/uploads/2020/08/nascar-1-1-268x161.png
http://www.esignal.com,No logos to scrape
http://www.qq.com,//inews.gtimg.com/newsapp_bt/0/1226172028152_9054/0
http://www.99designs.com,https://99designs-start-static.imgix.net/homepage/logo-identity.jpg?auto=format&ch=Width%2CDPR&w=240&h=240&q=50&dpr=2
http://www.clickability.com,Connection Error
http://www.totalrecipesearch.com,No logos to scrape
http://www.lyris.com,No logos to scrape
http://www.listrak.com,https://assets-global.website-files.com/61605d613e0aad4dba52251e/61605d613e0aad676c52280f_Listrak-white.svg
http://www.att.jobs,No logos to scrape
http://www.wirelessemporium.com,No logos to scrape
http://www.wordstream.com,No logos to scrape
http://www.air-watch.com,403: The requested resource is forbidden
http://www.appboy.com,No logos to scrape
http://www.wistia.com,No logos to scrape
http://www.smtp.com,No logos to scrape
http://www.waze.com,No logos to scrape
http://www.cox.net,No logos to scrape
http://www.list-manage.com,No logos to scrape
http://www.modaoperandi.com,No logos to scrape
http://www.epaperflip.com,403: The requested resource is forbidden
http://www.vtechphones.com,Timeout
http://www.peer1.com,https://aptum.com/wp-content/uploads/2019/08/Aptum-logo-RGB-250x98.png
http://www.whatsupgold.com,No logos to scrape
http://www.hellodirect.com,https://www.hellodirect.com/scs/img/HDI-Logo-for-NS-320x68-retina-updated-02192019.png
http://www.virginmedia.com,No logos to scrape
http://www.urbanairship.com,No logos to scrape
http://www.truphone.com,No logos to scrape
http://www.eztexting.com,No logos to scrape
http://www.gmx.com,"data:image/svg+xml;base64,PD94bWwgdmVyc2lvbj0iMS4wIiBlbmNvZGluZz0idXRmLTgiPz4KPCEtLSBHZW5lcmF0b3I6IEFkb2JlIElsbHVzdHJhdG9yIDIyLjAuMSwgU1ZHIEV4cG9ydCBQbHVnLUluIC4gU1ZHIFZlcnNpb246IDYuMDAgQnVpbGQgMCkgIC0tPgo8c3ZnIHZlcnNpb249IjEuMSIgaWQ9IkViZW5lXzEiIHhtbG5zPSJodHRwOi8vd3d3LnczLm9yZy8yMDAwL3N2ZyIgeG1sbnM6eGxpbms9Imh0dHA6Ly93d3cudzMub3JnLzE5OTkveGxpbmsiIHg9IjBweCIgeT0iMHB4IgoJIHZpZXdCb3g9IjAgMCA1MDguNSAxNjUuOCIgc3R5bGU9ImVuYWJsZS1iYWNrZ3JvdW5kOm5ldyAwIDAgNTA4LjUgMTY1Ljg7IiB4bWw6c3BhY2U9InByZXNlcnZlIj4KPHN0eWxlIHR5cGU9InRleHQvY3NzIj4KCS5zdDB7ZmlsbDojRkZGRkZGO30KPC9zdHlsZT4KPHBhdGggaWQ9IlgiIGNsYXNzPSJzdDAiIGQ9Ik00NTIuNSw3OC4xbDQ0LjItNzMuNmgtNDUuMWwtMjMuNSwzNy40TDQwMi44LDQuNWgtNDkuNEw0MDUuNSw3OGwtNTIuMSw4My4xaDQ5LjRMNDMxLDExNGwzMy40LDQ3LjEKCWg0NC4xTDQ1Mi41LDc4LjF6Ii8+CjxwYXRoIGlkPSJNIiBjbGFzcz0ic3QwIiBkPSJNMjg5LjIsNC41bC0zMy42LDgzLjdMMjIzLjgsNC41aC00MC4xbC0yNi42LDE1Ni42aDQwLjVsMTMuMS05MC4yaDAuNGwzNS45LDkwLjJoMTYuMmwzNy42LTkwLjJoMC41CglsMTEuNCw5MC4yaDQwLjdMMzI5LjcsNC41SDI4OS4yeiIvPgo8cGF0aCBpZD0iRyIgY2xhc3M9InN0MCIgZD0iTTgyLjcsNzMuOHYzMS44aDMzYy0xLjYsMTcuOS0xNS4xLDI3LTMyLjYsMjdjLTI2LjYsMC00MS0yNC41LTQxLTQ4LjdjMC0yMy43LDEzLjgtNDkuMSw0MC40LTQ5LjEKCWMxNi4zLDAsMjgsOS45LDMzLjYsMjQuN2wzOC40LTE2LjFDMTQxLjEsMTQuNCwxMTYuMywwLDg0LjMsMEMzNC4yLDAsMCwzMy4yLDAsODMuN2MwLDQ4LjksMzQsODIuMSw4Mi45LDgyLjEKCWMyNiwwLDQ4LjktOS4zLDY0LjEtMzAuNWMxMy44LTE5LjQsMTUuNS0zOC44LDE1LjktNjEuNUMxNjIuOSw3My44LDgyLjcsNzMuOCw4Mi43LDczLjh6Ii8+Cjwvc3ZnPgo="
http://www.cloudera.com,"data:image/png;base64,iVBORw0KGgoAAAANSUhEUgAAAAEAAAABCAQAAAC1HAwCAAAAC0lEQVR42mNkYAAAAAYAAjCB0C8AAAAASUVORK5CYII="
http://www.americommerce.com,/Shared/2023Content/Images/projector-screen-logo.png
http://www.homesandland.com,/Images/Logos/hnl-logo-new-asn75.svg
http://www.ericsson.com,403: The requested resource is forbidden
http://www.broadvoice.com,403: The requested resource is forbidden
http://www.citymax.com,/r/wd_host_content/1/templates/149/page2b_2blue_citymax_logo.png
http://www.geotrust.com,/content/dam/geotrust/logo/GeoTrustLogo.svg
http://www.myemma.com,403: The requested resource is forbidden
http://www.godatafeed.com,https://global-uploads.webflow.com/5c6f0fe189c3683ca571d70a/649c8ea5eaca8afd1cfdccfc_GoDataFeed-Logo-Dark.svg
http://www.gogoair.com,/PatternLibrary/dist/assets/img/icons/svg/gogo-logo.svg
http://www.adknowledge.com,Connection Error
http://www.appsumo.com,No logos to scrape
http://www.att.net,No logos to scrape
http://www.janus.com,https://cdn.janushenderson.com/gwp/theme/jh-logo-slate.svg
http://www.whitefence.com,Connection Error
http://www.ntt.com,No logos to scrape
http://www.equinix.com,403: The requested resource is forbidden
http://www.speakeasy.net,No logos to scrape
http://www.cio.com,No logos to scrape
http://www.cspire.com,Timeout
http://www.example.com,No logos to scrape
http://www.yammer.com,No logos to scrape
http://www.so-net.ne.jp,/portal/202201aa04889e/images/logo-sony.png
http://www.datapipe.com,/themes/custom/hansel/images/rs-logo-2021B.svg
http://www.clicksor.com,No logos to scrape
http://www.inetu.net,Timeout
http://www.gogrid.com,Timeout
http://www.singlehop.com,Timeout
http://www.t-online.de,No logos to scrape
http://www.iweb.com,https://www.leaseweb.com/sites/default/files/Logo_BLUE%402x.png
http://www.idrive.com,No logos to scrape
http://www.toutapp.com,Timeout
http://www.me.com,No logos to scrape
http://www.consumer-rankings.com,No logos to scrape
http://www.411.ca,No logos to scrape
http://www.moonfruit.com,"https://static.wixstatic.com/media/d58553_0fd82bb4f40943bcac78f45a439c04f4~mv2.png/v1/fill/w_95,h_95,al_c,q_85,usm_0.66_1.00_0.01,enc_auto/MF%20logo_edited.png"
http://www.bandwidth.com,403: The requested resource is forbidden
http://www.vzwshop.com,Connection Error
http://www.xfinity.com,403: The requested resource is forbidden
http://www.digium.com,No logos to scrape
http://www.discounttwo-wayradio.com,403: The requested resource is forbidden
http://www.mashery.com,403: The requested resource is forbidden
http://www.carphonewarehouse.com,403: The requested resource is forbidden
http://www.sherweb.com,No logos to scrape
http://www.shoretel.com,403: The requested resource is forbidden
http://www.imation.com,No logos to scrape
http://www.nobelcom.com,Timeout
http://www.mocospace.com,No logos to scrape
http://www.talktalk.co.uk,/assets/images/talktalk-logo.svg
http://www.alexa.com,https://m.media-amazon.com/images/I/11e1mV2nO-L.png
http://www.yahoo.net,No logos to scrape
http://www.conductor.com,/_next/static/chunks/conductor-logo--reversed-137457bec3fd29d6.svg
http://www.digitalchocolate.com,403: The requested resource is forbidden
http://www.ampedwireless.com,No logos to scrape
http://www.mixpanel.com,No logos to scrape
http://www.netfirms.com,/static/cs/img/logo.svg
http://www.infinitydish.com,403: The requested resource is forbidden
http://www.scoutmob.com,Connection Error
http://www.unbounce.com,https://unbounce.com/wp-content/themes/unbounce2019/assets/img/unbounce-icon-dark.svg?v=1
http://www.netvibes.com,No logos to scrape
http://www.photobiz.com,https://image11.photobiz.com/8586/29_20230313204407_7398225_large.png
http://www.efaxcorporate.com,403: The requested resource is forbidden
http://www.arubanetworks.com,403: The requested resource is forbidden
http://www.bodyguardz.com,/on/demandware.static/Sites-BodyGuardz-Site/-/default/dw90eb5994/images/logo.png
http://www.pinnaclecart.com,403: The requested resource is forbidden
http://www.sitepoint.com,No logos to scrape
http://www.aerohive.com,403: The requested resource is forbidden
http://www.echodesign.com,//echonewyork.com/cdn/shop/files/Header-logo.jpg?v=1666969944
http://www.signupgenius.com,/images/LMV-White-Logo.svg
http://www.directtrack.com,403: The requested resource is forbidden
http://www.nettalk.com,403: The requested resource is forbidden
http://www.tripod.com,https://ly.lygo.net/ly/tpSite/images/tripodLogo.png
http://www.inmobi.com,https://web.inmobicdn.net/website/website/6.0.1/ui/uploads/misc/InMobi_Logo_Colour.svg
http://www.narod.ru,No logos to scrape
http://www.artistwebsites.com,No logos to scrape
http://www.telus.net,Timeout
http://www.3gstore.com,images/home/home_logo.png
http://www.bronto.com,Timeout
http://www.cafe24.com,https://www.cafe24.com/wp-content/themes/cafe24/images/layout/logo-white.svg
http://www.tradeindia.com,/images/icons/logoVector.svg
http://www.windowsazure.com,"https://cdn-dynmedia-1.microsoft.com/is/image/microsoftcorp/Fujitsu-2x?resMode=sharp2&op_usm=1.5,0.65,15,0&wid=173&hei=86&qlt=95&fmt=png-alpha&fit=constrain"
http://www.flippingbook.com,https://d1qwl4ymp6qhug.cloudfront.net/Release/R10045/icons/common/logo-full-white.svg
http://www.woothemes.com,https://woocommerce.com/wp-content/uploads/2023/02/allblacks-1.png
http://www.bestcovery.com,403: The requested resource is forbidden
http://www.sina.com.cn,No logos to scrape
http://www.yahoo.com,No logos to scrape
http://www.thehighcalling.org,No logos to scrape
http://www.ezetop.com,403: The requested resource is forbidden
http://www.altervista.org,No logos to scrape
http://www.digitallanding.com,Connection Error
http://www.fb.com,https://static.xx.fbcdn.net/rsrc.php/y8/r/dF5SId3UHWd.svg
http://www.allconnect.com,https://www.allconnect.com/wp-content/uploads/2020/04/cropped-allconnect-color-2x.png
http://www.trendhunter.com,https://cdn.trendhunterstatic.com/logos/createthefuture.png
http://www.vidyo.com,403: The requested resource is forbidden
http://www.otherinbox.com,Connection Error
http://www.mediacomcable.com,Timeout
http://www.anymeeting.com,/assets/tracked/img/intm-logo-wide.svg
http://www.lge.com,https://www.lg.com/lg5-common-gp/images/common/header/logo-b2c-m.jpg
http://www.yesware.com,https://assets-global.website-files.com/6036bf3265493cd8d57a7527/64a30c9461539487f4c07adf_yesware-by-vendasta-logo.svg
http://www.hostdime.com,/images/logo.png
http://www.buy.com,https://static.rakuten.com/assets/ac/_next/static/imgs/blank-1a8815.svg
http://www.relianceglobalcall.com,No logos to scrape
http://www.clickmeter.com,403: The requested resource is forbidden
http://www.ignitionone.com,403: The requested resource is forbidden
http://www.pages05.net,No logos to scrape
http://www.kvh.com,No logos to scrape
http://www.local03.com,No logos to scrape
http://www.launchrock.com,No logos to scrape
http://www.izea.com,No logos to scrape
http://www.tributes.com,403: The requested resource is forbidden
http://www.hdaccessory.com,No logos to scrape
http://www.antonline.com,403: The requested resource is forbidden
http://www.hatena.ne.jp,No logos to scrape
http://www.geocities.jp,No logos to scrape
http://www.pogoplug.com,Connection Error
http://www.slickdeals.net,https://static.slickdealscdn.com/image-pool/sd-branding/sd-logomark-blueberry-update.svg
http://www.tollfreeforwarding.com,No logos to scrape
http://www.smaato.com,No logos to scrape
http://www.vps.net,/includes/images/global/vps-net-logo.svg
http://www.sewelldirect.com,//sewelldirect.com/cdn/shop/files/logoW4_2_400x160.png?v=1613555090
http://www.hostbaby.com,./assets/logo-bz-hostbaby.svg
http://www.swisscom.ch,No logos to scrape
http://www.ipower.com,403: The requested resource is forbidden
http://www.crackberry.com,No logos to scrape
http://www.sinovision.net,403: The requested resource is forbidden
http://www.line2.com,"data:image/gif;base64,R0lGODlhAQABAAAAACH5BAEKAAEALAAAAAABAAEAAAICTAEAOw=="
http://www.accrisoft.com,No logos to scrape
http://www.sendthisfile.com,No logos to scrape
http://www.localphone.com,//static.localphone.com/v3/images/common/new-localphoneLogo-en-3.5.01.png
http://www.invisionapp.com,No logos to scrape
http://www.siteground.com,403: The requested resource is forbidden
http://www.zoner.com,No logos to scrape
http://www.copernic.com,https://copernic.com/wp-content/themes/understrap-child/images/logo.png
http://www.telekom.com,/resource/image/1047696/landscape_ratio4x3/320/240/32d0440fa68d681f91509db80fdb627a/08ADFFC9548F7F7D07968B7D7F5C13F9/bi-230823-iw-ahrens-digital-x-en.jpg
http://www.whichvoip.com,https://www.whichvoip.com/images/common/img_1x1.png
http://www.graphicmail.com,No logos to scrape
http://www.clicktale.com,403: The requested resource is forbidden
http://www.callsource.com,https://www.callsource.com/wp-content/uploads/2018/08/taylor.png
http://www.ait.com,No logos to scrape
http://www.no-ip.com,//d2qr50rz2oof04.cloudfront.net/assets/img/logo/logo-grey.png
http://www.toast.net,403: The requested resource is forbidden
http://www.mobal.com,/img/common/logo.svg
http://www.tatacommunications.com,No logos to scrape
http://www.cwa-union.org,/themes/custom/cwa_union/logo.svg
http://www.accessorygeeks.com,//www.accessorygeeks.com/cdn/shop/files/1_4_3fc76170-747e-469e-a503-73dee7a0e62f.png?v=1655257549&width=140
http://www.at.ua,403: The requested resource is forbidden
http://www.net10.com,No logos to scrape
http://www.eweek.com,"data:image/svg+xml,%3Csvg%20xmlns='http://www.w3.org/2000/svg'%20viewBox='0%200%200%200'%3E%3C/svg%3E"
http://www.gigaom.com,403: The requested resource is forbidden
http://www.jiwire.com,Connection Error
http://www.163.com,403: The requested resource is forbidden
http://www.yolasite.com,403: The requested resource is forbidden
http://www.seidioonline.com,Timeout
http://www.kajeet.com,https://www.kajeet.com/hs-fs/hubfs/Assets/Logos/logo-white.png?width=166&name=logo-white.png
http://www.topproducer.com,No logos to scrape
http://www.abril.com.br,/novoassine/images/AssineAbril.svg
http://www.infoseek.co.jp,No logos to scrape
http://www.polleverywhere.com,https://assets.polleverywhere.com/brand/pe_logo_blue.svg
http://www.hostmysite.com,https://www.hostmysite.com/wp-content/plugins/revslider/admin/assets/images/dummy.png
http://www.simplycast.com,No logos to scrape
http://www.snapapp.com,Connection Error
http://www.tribesports.com,//tribesports.com/cdn/shop/files/home_page_menu_logo3_fcf46339-1868-40d5-865e-bf82fdb0896e_2000x.png?v=1630557370
http://www.hasoffers.com,403: The requested resource is forbidden
http://www.mayo.edu,403: The requested resource is forbidden
http://www.jumpfly.com,No logos to scrape
http://www.uniden.com,//uniden.com/cdn/shop/files/logo_social_sharing__1200x628_036087e9-480a-4e9e-b5af-5b795e865aa3_383x200.png?v=1676481037
http://www.mobileiron.com,No logos to scrape
http://www.streamsend.com,"data:image/gif;base64,R0lGODlhAQABAAAAACH5BAEKAAEALAAAAAABAAEAAAICTAEAOw=="
http://www.a2hosting.com,https://www.a2hosting.com/wp-content/themes/a2hosting/assets/header/a2hosting-logo.webp
http://www.nextjobathome.com,403: The requested resource is forbidden
http://www.podomatic.com,/assets/splash/youtube/apple_podcast-9becaa76de402a7e80283e67b7f6370129440f8936dbbd22233877e4908bd9b7.svg
http://www.thinglink.com,No logos to scrape
http://www.apnic.net,https://webdist.data.apnic.net/web-framework-theme/9.0.13/images/apnic-reverse.svg
http://www.bezecom.com,Connection Error
http://www.fairpoint.com,No logos to scrape
http://www.digi.com,/digi/media/nav/logo-digi-white-svg.svg
http://www.usr.com,/files/4914/6782/7789/USR_LOGO_FINAL_RGB-_Small.png
http://www.cablesandkits.com,No logos to scrape
http://www.fathomdelivers.com,403: The requested resource is forbidden
http://www.uol.com.br,https://conteudo.imguol.com.br/c/home/layout/vueland/icons/brand/uol-prime.svg
http://www.globalspec.com,403: The requested resource is forbidden
http://www.jangomail.com,403: The requested resource is forbidden
http://www.freephonetracer.com,No logos to scrape
http://www.saba.com,"data:image/gif;base64,R0lGODlhAQABAIAAAAAAAP///yH5BAEAAAAALAAAAAABAAEAAAIBRAA7"
http://www.du.ae,No logos to scrape
http://www.umcom.org,No logos to scrape
http://www.idt.net,403: The requested resource is forbidden
http://www.appsbar.com,No logos to scrape
http://www.hughes.com,No logos to scrape
http://www.walla.co.il,/public/assets/homepage2/new-logo-mobile.svg
http://www.buydomains.com,403: The requested resource is forbidden
http://www.sohu.com,No logos to scrape
http://www.maas360.com,403: The requested resource is forbidden
http://www.birch.com,No logos to scrape
http://www.sencha.com,No logos to scrape
http://www.call-em-all.com,https://www.text-em-all.com/hubfs/text-em-all-web-logo.svg
http://www.justdial.com,403: The requested resource is forbidden
http://www.synthasite.com,No logos to scrape
http://www.bevomedia.com,No logos to scrape
http://www.directstartv.com,Timeout
http://www.admarketplace.com,No logos to scrape
http://www.spyfu.com,No logos to scrape
http://www.xcomglobal.com,/_layout/images/mv1_logo.svg
http://www.magestore.com,403: The requested resource is forbidden
http://www.smashingmagazine.com,No logos to scrape
http://www.fiksu.com,403: The requested resource is forbidden
http://www.resellerclub.com,403: The requested resource is forbidden
http://www.toolbox.com,403: The requested resource is forbidden
http://www.charter.net,No logos to scrape
http://www.voip.com,https://www.voip.com/wp-content/themes/voip/assets/img/VoIP-logo-black.png
http://www.leaguelineup.com,403: The requested resource is forbidden
http://www.onesuite.com,Timeout
http://www.linkconnector.com,/wordpress/wp-content/uploads/2015/09/LC-logo-homepage.svg
http://www.coroflot.com,"data:image/gif;base64,R0lGODlhAQABAIAAAAAAAP///yH5BAEAAAAALAAAAAABAAEAAAIBRAA7"
http://www.parentlink.net,Timeout
http://www.cableone.net,/-/media/project/sparklight/sparklight/logos/sparklight.png?h=40&w=160&la=en&hash=85797356B84DDFB6DC241C109596C2FD
http://www.simplereach.com,https://assets-global.website-files.com/62348aef92bf092b84891591/62a20f6371bb4c0bb8047bf1_Motortrend-p-500.jpg
http://www.marketmotive.com,https://www.marketmotive.com/market_motive/images/market_motive_logo_white_v1.png
http://www.411.com,403: The requested resource is forbidden
http://www.glispa.com,https://www.glispa.com/wp-content/uploads/2017/12/Glispa-Perform-White.svg
http://www.bluefountainmedia.com,Connection Error
http://www.signnow.com,No logos to scrape
http://www.sena.com,/Resources/Images/sena-logo.svg
http://www.producteev.com,No logos to scrape
http://www.voipo.com,No logos to scrape
http://www.peeplo.com,Connection Error
http://www.technewsworld.com,https://technewsworld.com/wp-content/uploads/sites/3/2021/04/TNW-Logo-580x200-1.png
http://www.pcnametag.com,No logos to scrape
http://www.freedownloads.us.com,Connection Error
http://www.wideanglesoftware.com,No logos to scrape
http://www.clickatell.com,"data:image/svg+xml;base64,PHN2ZyB3aWR0aD0iMjI0IiBoZWlnaHQ9IjMzIiB2aWV3Qm94PSIwIDAgMjI0IDMzIiBmaWxsPSJub25lIiB4bWxucz0iaHR0cDovL3d3dy53My5vcmcvMjAwMC9zdmciPgo8cGF0aCBkPSJNODYuMTkzIDI2LjQ0OTRDODUuOTkzIDI2Ljc0OTQgODUuNjkzIDI3LjE5OTQgODUuMTkzIDI3Ljg0OTRDODQuNjkzIDI4LjQ5OTQgODMuOTkzIDI5LjE0OTQgODMuMDkzIDI5Ljc5OTRDODIuMTkzIDMwLjQ0OTQgODEuMDkzIDMwLjk5OTQgNzkuNzkzIDMxLjQ5OTRDNzguNDkzIDMxLjk5OTQgNzYuOTQzIDMyLjI0OTQgNzUuMTQzIDMyLjI0OTRDNzIuOTQzIDMyLjI0OTQgNzAuOTkzIDMxLjg0OTQgNjkuMTkzIDMxLjA0OTRDNjcuMzkzIDMwLjI0OTQgNjUuODQzIDI5LjE0OTQgNjQuNTQzIDI3LjY5OTRDNjMuMjQzIDI2LjI0OTQgNjIuMjQzIDI0LjU5OTQgNjEuNTkzIDIyLjY0OTRDNjAuODkzIDIwLjY5OTQgNjAuNTQzIDE4LjU5OTQgNjAuNTQzIDE2LjI5OTRDNjAuNTQzIDE0LjA5OTQgNjAuODkzIDExLjk5OTQgNjEuNTkzIDEwLjA5OTRDNjIuMjkzIDguMTQ5NDIgNjMuMjkzIDYuNDk5NDEgNjQuNTQzIDUuMDQ5NDFDNjUuODQzIDMuNTk5NDEgNjcuMzkzIDIuNDk5NDEgNjkuMTkzIDEuNjQ5NDFDNzAuOTkzIDAuODQ5NDE0IDcyLjk5MyAwLjM5OTQxNCA3NS4xNDMgMC4zOTk0MTRDNzYuOTQzIDAuMzk5NDE0IDc4LjQ5MyAwLjY0OTQxNCA3OS43OTMgMS4xNDk0MUM4MS4wOTMgMS42NDk0MSA4Mi4xOTMgMi4xOTk0MSA4My4wOTMgMi44NDk0MUM4My45OTMgMy40OTk0MSA4NC42OTMgNC4xNDk0MSA4NS4xOTMgNC43OTk0MUM4NS42OTMgNS40NDk0MSA4Ni4wNDMgNS44OTk0MSA4Ni4xOTMgNi4xOTk0MUw4NC41NDMgNy4zNDk0MUM4NC4zNDMgNy4wOTk0MSA4NC4wNDMgNi42OTk0MSA4My42NDMgNi4xOTk0MUM4My4yNDMgNS42NDk0MSA4Mi42NDMgNS4xNDk0MSA4MS44OTMgNC41OTk0MUM4MS4xNDMgNC4wNDk0MSA4MC4yNDMgMy41NDk0MSA3OS4xNDMgMy4xNDk0MUM3OC4wNDMgMi43NDk0MSA3Ni43NDMgMi40OTk0MSA3NS4xOTMgMi40OTk0MUM3My4yNDMgMi40OTk0MSA3MS41NDMgMi44NDk0MSA2OS45OTMgMy41NDk0MUM2OC40NDMgNC4yNDk0MSA2Ny4xOTMgNS4yNDk0MSA2Ni4wOTMgNi40OTk0MUM2NS4wNDMgNy43NDk0MSA2NC4yNDMgOS4xOTk0MSA2My42NDMgMTAuODk5NEM2My4wOTMgMTIuNTk5NCA2Mi43OTMgMTQuMzk5NCA2Mi43OTMgMTYuMzQ5NEM2Mi43OTMgMTguMjk5NCA2My4wOTMgMjAuMDk5NCA2My42NDMgMjEuNzk5NEM2NC4xOTMgMjMuNDk5NCA2NS4wNDMgMjQuOTQ5NCA2Ni4wOTMgMjYuMTk5NEM2Ny4xNDMgMjcuNDQ5NCA2OC40NDMgMjguNDQ5NCA2OS45OTMgMjkuMTQ5NEM3MS41NDMgMjkuODQ5NCA3My4yOTMgMzAuMTk5NCA3NS4yNDMgMzAuMTk5NEM3Ni42NDMgMzAuMTk5NCA3Ny44OTMgMjkuOTk5NCA3OC45OTMgMjkuNTQ5NEM4MC4wNDMgMjkuMTQ5NCA4MC45OTMgMjguNjQ5NCA4MS43NDMgMjguMDk5NEM4Mi40OTMgMjcuNTQ5NCA4My4wOTMgMjYuOTk5NCA4My40OTMgMjYuNDk5NEM4My45NDMgMjUuOTQ5NCA4NC4yNDMgMjUuNTk5NCA4NC40NDMgMjUuMzQ5NEw4Ni4xOTMgMjYuNDQ5NFoiIGZpbGw9ImJsYWNrIi8+CjxwYXRoIGQ9Ik05My42OTI2IDEuMTAwNTlIOTEuNjQyNlYzMS41MDA2SDkzLjY5MjZWMS4xMDA1OVoiIGZpbGw9ImJsYWNrIi8+CjxwYXRoIGQ9Ik0xMDAuMDQzIDEwLjU0OTRIMTAyLjA5M1YzMS40OTk0SDEwMC4wNDNWMTAuNTQ5NFpNOTkuNjQyNiAzLjE0OTQxSDEwMi40OTNWNi4wOTk0MUg5OS42NDI2VjMuMTQ5NDFaIiBmaWxsPSJibGFjayIvPgo8cGF0aCBkPSJNMTI2LjE0NCAyOC40QzEyNS4yNDQgMjkuNDUgMTI0LjE0NCAzMC4zNSAxMjIuNjk0IDMxQzEyMS4yOTQgMzEuNyAxMTkuNjk0IDMyIDExNy44NDQgMzJDMTE2LjM0NCAzMiAxMTQuOTQ0IDMxLjcgMTEzLjY0NCAzMS4xNUMxMTIuMzQ0IDMwLjYgMTExLjI0NCAyOS44IDExMC4yOTQgMjguODVDMTA5LjM0NCAyNy44NSAxMDguNjQ0IDI2LjcgMTA4LjA5NCAyNS4zNUMxMDcuNTk0IDI0IDEwNy4zNDQgMjIuNTUgMTA3LjM0NCAyMUMxMDcuMzQ0IDE5LjQ1IDEwNy41OTQgMTggMTA4LjE0NCAxNi42NUMxMDguNjk0IDE1LjMgMTA5LjM5NCAxNC4xNSAxMTAuMzQ0IDEzLjE1QzExMS4yOTQgMTIuMTUgMTEyLjM5NCAxMS40IDExMy42OTQgMTAuODVDMTE0Ljk5NCAxMC4zIDExNi4zNDQgMTAgMTE3Ljg0NCAxMEMxMTkuNjk0IDEwIDEyMS4yNDQgMTAuMzUgMTIyLjU0NCAxMUMxMjMuODQ0IDExLjY1IDEyNC45NDQgMTIuNTUgMTI1Ljg0NCAxMy43TDEyNC4yOTQgMTQuOUMxMjMuNTk0IDE0IDEyMi43NDQgMTMuMjUgMTIxLjY5NCAxMi43NUMxMjAuNjQ0IDEyLjIgMTE5LjM5NCAxMS45NSAxMTcuODQ0IDExLjk1QzExNi42NDQgMTEuOTUgMTE1LjU0NCAxMi4yIDExNC40OTQgMTIuN0MxMTMuNDk0IDEzLjIgMTEyLjU5NCAxMy44NSAxMTEuODQ0IDE0LjY1QzExMS4wOTQgMTUuNDUgMTEwLjU0NCAxNi40NSAxMTAuMDk0IDE3LjU1QzEwOS42OTQgMTguNjUgMTA5LjQ5NCAxOS44NSAxMDkuNDk0IDIxLjFDMTA5LjQ5NCAyMi4zNSAxMDkuNjk0IDIzLjUgMTEwLjE0NCAyNC42NUMxMTAuNTQ0IDI1Ljc1IDExMS4xNDQgMjYuNyAxMTEuODk0IDI3LjU1QzExMi42NDQgMjguMzUgMTEzLjQ5NCAyOSAxMTQuNTQ0IDI5LjVDMTE1LjU0NCAzMCAxMTYuNjQ0IDMwLjI1IDExNy44NDQgMzAuMjVDMTE5LjM0NCAzMC4yNSAxMjAuNjk0IDMwIDEyMS44NDQgMjkuNDVDMTIyLjk5NCAyOC45IDEyMy45NDQgMjguMiAxMjQuNjQ0IDI3LjI1TDEyNi4xNDQgMjguNFoiIGZpbGw9ImJsYWNrIi8+CjxwYXRoIGQ9Ik0xMzAuOTQzIDEuMTAwNTlIMTMyLjk5M1YyMS4wNTA2TDE0My42OTMgMTAuNTUwNkgxNDYuMzQzTDEzOC4zOTMgMTguMzUwNkwxNDcuOTQzIDMxLjUwMDZIMTQ1LjQ5M0wxMzYuOTQzIDE5LjgwMDZMMTMyLjk5MyAyMy42NTA2VjMxLjUwMDZIMTMwLjk0M1YxLjEwMDU5WiIgZmlsbD0iYmxhY2siLz4KPHBhdGggZD0iTTE3NS4wOTMgMTIuNDQ5NEgxNzAuODkzVjEwLjU0OTRIMTc1LjA5M1YzLjY0OTQxSDE3Ny4xNDNWMTAuNTQ5NEgxODQuMDQzVjEyLjQ0OTRIMTc3LjE0M1YyNC41NDk0QzE3Ny4xNDMgMjUuNzk5NCAxNzcuMjQzIDI2Ljc5OTQgMTc3LjM5MyAyNy41NDk0QzE3Ny41OTMgMjguMjk5NCAxNzcuODQzIDI4Ljg0OTQgMTc4LjE5MyAyOS4yNDk0QzE3OC41NDMgMjkuNjQ5NCAxNzguOTQzIDI5Ljg5OTQgMTc5LjM5MyAyOS45OTk0QzE3OS44NDMgMzAuMDk5NCAxODAuMzQzIDMwLjE5OTQgMTgwLjg5MyAzMC4xOTk0QzE4MS42NDMgMzAuMTk5NCAxODIuMjkzIDMwLjA0OTQgMTgyLjg0MyAyOS43OTk0QzE4My4zOTMgMjkuNTQ5NCAxODMuOTQzIDI5LjA0OTQgMTg0LjQ5MyAyOC4zOTk0TDE4NS43NDMgMjkuNjQ5NEMxODUuMTQzIDMwLjQ0OTQgMTg0LjQ0MyAzMS4wNDk0IDE4My42OTMgMzEuNDQ5NEMxODIuOTQzIDMxLjg0OTQgMTgxLjg5MyAzMi4wOTk0IDE4MC42OTMgMzIuMDk5NEMxNzkuODkzIDMyLjA5OTQgMTc5LjE0MyAzMS45OTk0IDE3OC40NDMgMzEuNzk5NEMxNzcuNzQzIDMxLjU5OTQgMTc3LjE0MyAzMS4yNDk0IDE3Ni42OTMgMzAuNjk5NEMxNzYuMTkzIDMwLjE0OTQgMTc1Ljg0MyAyOS40NDk0IDE3NS41NDMgMjguNTQ5NEMxNzUuMjkzIDI3LjY0OTQgMTc1LjE0MyAyNi40OTk0IDE3NS4xNDMgMjUuMDk5NFYxMi40NDk0SDE3NS4wOTNaIiBmaWxsPSJibGFjayIvPgo8cGF0aCBkPSJNMjA2LjE0MiAxOS44QzIwNS44OTIgMTcuMiAyMDUuMDQyIDE1LjI1IDIwMy42OTIgMTMuOUMyMDIuMzQyIDEyLjU1IDIwMC41NDIgMTEuOSAxOTguMzkyIDExLjlDMTk3LjI5MiAxMS45IDE5Ni4yNDIgMTIuMSAxOTUuMzQyIDEyLjVDMTk0LjQ0MiAxMi45IDE5My42NDIgMTMuNDUgMTkyLjk0MiAxNC4yQzE5Mi4yOTIgMTQuOSAxOTEuNzQyIDE1Ljc1IDE5MS4zNDIgMTYuN0MxOTAuOTQyIDE3LjY1IDE5MC42OTIgMTguNyAxOTAuNjQyIDE5LjhIMjA2LjE0MlpNMjA3LjQ0MiAyOC4zNUMyMDYuNTQyIDI5LjUgMjA1LjI5MiAzMC40IDIwMy43NDIgMzEuMDVDMjAyLjE5MiAzMS43IDIwMC41OTIgMzIuMDUgMTk4Ljk0MiAzMi4wNUMxOTcuMzkyIDMyLjA1IDE5NS45OTIgMzEuOCAxOTQuNjQyIDMxLjI1QzE5My4zNDIgMzAuNyAxOTIuMTkyIDI5Ljk1IDE5MS4yNDIgMjlDMTkwLjI5MiAyOC4wNSAxODkuNTkyIDI2Ljg1IDE4OS4wNDIgMjUuNUMxODguNDkyIDI0LjE1IDE4OC4yNDIgMjIuNjUgMTg4LjI0MiAyMUMxODguMjQyIDE5LjUgMTg4LjQ5MiAxOC4wNSAxODguOTkyIDE2LjdDMTg5LjQ5MiAxNS4zNSAxOTAuMTkyIDE0LjIgMTkxLjA0MiAxMy4yQzE5MS45NDIgMTIuMiAxOTIuOTkyIDExLjQgMTk0LjI0MiAxMC44NUMxOTUuNDkyIDEwLjI1IDE5Ni44NDIgMTAgMTk4LjM0MiAxMEMxOTkuNzQyIDEwIDIwMS4wOTIgMTAuMjUgMjAyLjI5MiAxMC43NUMyMDMuNTQyIDExLjI1IDIwNC41OTIgMTIgMjA1LjQ5MiAxMi45NUMyMDYuMzkyIDEzLjkgMjA3LjA5MiAxNS4xNSAyMDcuNTkyIDE2LjU1QzIwOC4wOTIgMTggMjA4LjM0MiAxOS42NSAyMDguMzQyIDIxLjU1SDE5MC41NDJDMTkwLjU5MiAyMi43NSAxOTAuNzkyIDIzLjg1IDE5MS4yNDIgMjQuOUMxOTEuNjQyIDI1Ljk1IDE5Mi4yNDIgMjYuODUgMTkyLjk5MiAyNy42NUMxOTMuNzQyIDI4LjQgMTk0LjU5MiAyOS4wNSAxOTUuNTkyIDI5LjQ1QzE5Ni41OTIgMjkuOSAxOTcuNzQyIDMwLjEgMTk4Ljk5MiAzMC4xQzE5OS42NDIgMzAuMSAyMDAuMjkyIDMwLjA1IDIwMC45OTIgMjkuOUMyMDEuNjkyIDI5Ljc1IDIwMi4zNDIgMjkuNTUgMjAyLjk5MiAyOS4zQzIwMy42NDIgMjkuMDUgMjA0LjE5MiAyOC43IDIwNC43NDIgMjguMzVDMjA1LjI5MiAyOCAyMDUuNzQyIDI3LjYgMjA2LjA5MiAyNy4xTDIwNy40NDIgMjguMzVaIiBmaWxsPSJibGFjayIvPgo8cGF0aCBkPSJNMTY0Ljk5MyAyMC43OTk0QzE2NC4zNDMgMjAuNjQ5NCAxNjMuNTQzIDIwLjQ5OTQgMTYyLjU5MyAyMC4zOTk0QzE2MS42NDMgMjAuMjk5NCAxNjAuNDQzIDIwLjI0OTQgMTU4Ljk0MyAyMC4yNDk0QzE1Ny4zOTMgMjAuMjQ5NCAxNTYuMTkzIDIwLjQ0OTQgMTU1LjI0MyAyMC43OTk0QzE1NC4zNDMgMjEuMTk5NCAxNTMuNjQzIDIxLjY0OTQgMTUzLjE5MyAyMi4xOTk0QzE1Mi43NDMgMjIuNzQ5NCAxNTIuNDQzIDIzLjM0OTQgMTUyLjI5MyAyMy45OTk0QzE1Mi4xNDMgMjQuNjQ5NCAxNTIuMDkzIDI1LjI0OTQgMTUyLjA5MyAyNS43NDk0QzE1Mi4wOTMgMjcuMjQ5NCAxNTIuNTkzIDI4LjM5OTQgMTUzLjU5MyAyOS4wOTk0QzE1NC41OTMgMjkuNzk5NCAxNTUuODkzIDMwLjE0OTQgMTU3LjQ5MyAzMC4xNDk0QzE1OC41NDMgMzAuMTQ5NCAxNTkuNDkzIDI5Ljk0OTQgMTYwLjM5MyAyOS41OTk0QzE2MS4yOTMgMjkuMjQ5NCAxNjIuMDkzIDI4Ljc0OTQgMTYyLjc5MyAyOC4xNDk0QzE2My40OTMgMjcuNTQ5NCAxNjMuOTkzIDI2Ljg0OTQgMTY0LjM5MyAyNi4wOTk0QzE2NC43OTMgMjUuMzQ5NCAxNjQuOTkzIDI0LjU0OTQgMTY0Ljk5MyAyMy43NDk0VjIwLjc5OTRaTTE2NS4xOTMgMzEuNDk5NEMxNjUuMTQzIDMxLjI0OTQgMTY1LjE0MyAzMC44OTk0IDE2NS4xNDMgMzAuNTk5NEMxNjUuMDkzIDMwLjI5OTQgMTY1LjA5MyAyOS45NDk0IDE2NS4wOTMgMjkuNDk5NFYyNy45OTk0QzE2NC41NDMgMjguNzk5NCAxNjMuOTQzIDI5LjQ0OTQgMTYzLjI5MyAyOS45OTk0QzE2Mi42NDMgMzAuNTQ5NCAxNjEuOTQzIDMwLjk0OTQgMTYxLjI0MyAzMS4yNDk0QzE2MC41NDMgMzEuNTQ5NCAxNTkuODQzIDMxLjc0OTQgMTU5LjE0MyAzMS44OTk0QzE1OC40NDMgMzEuOTk5NCAxNTcuODQzIDMyLjA5OTQgMTU3LjI0MyAzMi4wOTk0QzE1Ni4zNDMgMzIuMDk5NCAxNTUuNDkzIDMxLjk5OTQgMTU0LjU5MyAzMS44NDk0QzE1My42OTMgMzEuNjQ5NCAxNTIuOTQzIDMxLjM0OTQgMTUyLjI0MyAzMC44NDk0QzE1MS41NDMgMzAuMzk5NCAxNTAuOTkzIDI5Ljc0OTQgMTUwLjU0MyAyOC45NDk0QzE1MC4wOTMgMjguMTQ5NCAxNDkuODkzIDI3LjA5OTQgMTQ5Ljg5MyAyNS44NDk0QzE0OS44OTMgMjQuODQ5NCAxNTAuMDQzIDIzLjg5OTQgMTUwLjM5MyAyMi45OTk0QzE1MC43NDMgMjIuMDk5NCAxNTEuMjQzIDIxLjM0OTQgMTUxLjk5MyAyMC42OTk0QzE1Mi43NDMgMjAuMDQ5NCAxNTMuNjQzIDE5LjU0OTQgMTU0Ljc5MyAxOS4xNDk0QzE1NS45NDMgMTguNzQ5NCAxNTcuMzQzIDE4LjU5OTQgMTU4Ljk5MyAxOC41OTk0QzE2MC4yNDMgMTguNTk5NCAxNjEuMzkzIDE4LjY0OTQgMTYyLjM5MyAxOC43NDk0QzE2My4zOTMgMTguODQ5NCAxNjQuMjQzIDE4Ljk0OTQgMTY0Ljk0MyAxOS4wNDk0VjE3Ljg0OTRDMTY0Ljk0MyAxNi42OTk0IDE2NC43OTMgMTUuNzQ5NCAxNjQuNTQzIDE0Ljk5OTRDMTY0LjI5MyAxNC4yNDk0IDE2My44NDMgMTMuNjQ5NCAxNjMuMjkzIDEzLjE5OTRDMTYyLjc0MyAxMi43NDk0IDE2Mi4wOTMgMTIuNDQ5NCAxNjEuMjkzIDEyLjI0OTRDMTYwLjQ5MyAxMi4wNDk0IDE1OS41OTMgMTEuOTk5NCAxNTguNTQzIDExLjk5OTRDMTU2Ljc5MyAxMS45OTk0IDE1NS40NDMgMTIuMjQ5NCAxNTQuNDQzIDEyLjc0OTRDMTUzLjQ0MyAxMy4yNDk0IDE1Mi42NDMgMTMuNzQ5NCAxNTIuMDkzIDE0LjE5OTRMMTUwLjk5MyAxMi43OTk0QzE1MS41NDMgMTIuMjQ5NCAxNTIuNDkzIDExLjY5OTQgMTUzLjc5MyAxMS4wNDk0QzE1NS4wOTMgMTAuNDQ5NCAxNTYuNjQzIDEwLjE0OTQgMTU4LjQ5MyAxMC4xNDk0QzE2MS4xOTMgMTAuMTQ5NCAxNjMuMjkzIDEwLjc0OTQgMTY0Ljc0MyAxMS44OTk0QzE2Ni4xOTMgMTMuMDQ5NCAxNjYuOTQzIDE0Ljk0OTQgMTY2Ljk0MyAxNy42NDk0VjI3LjI5OTRWMjguOTk5NEMxNjYuOTQzIDI5LjU0OTQgMTY2Ljk0MyAyOS45OTk0IDE2Ni45OTMgMzAuMzk5NEMxNjcuMDQzIDMwLjg5OTQgMTY3LjA0MyAzMS4yOTk0IDE2Ny4wOTMgMzEuNjk5NEgxNjUuMTkzVjMxLjQ5OTRaIiBmaWxsPSJibGFjayIvPgo8cGF0aCBkPSJNMjE1LjY0NCAxLjEwMDU5SDIxMy41OTRWMzEuNTAwNkgyMTUuNjQ0VjEuMTAwNTlaIiBmaWxsPSJibGFjayIvPgo8cGF0aCBkPSJNMjIzLjk0MyAxLjEwMDU5SDIyMS44OTNWMzEuNTAwNkgyMjMuOTQzVjEuMTAwNTlaIiBmaWxsPSJibGFjayIvPgo8cGF0aCBkPSJNMjEuODQzNCAyLjc1MDYzQzE0LjU0MzQgLTEuMTQ5MzcgNS40OTM0MiAxLjc1MDYzIDEuNjkzNDIgOS4zMDA2M0MtMi4xMDY1NyAxNi44MDA2IDAuNjkzNDI2IDI2LjEwMDYgOC4wNDM0MiAzMC4wMDA2QzExLjY5MzQgMzEuOTUwNiAxNS43NDM0IDMyLjIwMDYgMTkuMzkzNCAzMS4wMDA2QzE5LjM5MzQgMzEuMDAwNiAyMC4xNDM0IDMwLjkwMDYgMjEuOTkzNCAyOS44MDA2QzIxLjk5MzQgMjkuODAwNiAyMC40NDM0IDI4Ljg1MDYgMTguNjQzNCAyNS44NTA2QzE4LjY0MzQgMjUuODUwNiAxOC42NDM0IDI1Ljg1MDYgMTguNjQzNCAyNS44MDA2QzE2LjA0MzQgMjYuODUwNiAxMi45OTM0IDI2Ljg1MDYgMTAuMzQzNCAyNS40MDA2QzUuNDQzNDIgMjIuODAwNiAzLjU0MzQyIDE2LjYwMDYgNi4wOTM0MiAxMS42MDA2QzguNjQzNDIgNi42MDA2MyAxNC42NDM0IDQuNjAwNjMgMTkuNTQzNCA3LjI1MDYzQzIyLjQ5MzQgOC44MDA2MyAyNC4zNDM0IDExLjcwMDYgMjQuNzkzNCAxNC44NTA2TDI5Ljg0MzQgMTcuNTUwNkMzMC4yOTM0IDExLjYwMDYgMjcuMzQzNCA1LjcwMDYzIDIxLjg0MzQgMi43NTA2M1oiIGZpbGw9IiMyOUMzRUMiLz4KPHBhdGggZD0iTTI3LjI0MjkgMzAuMDAwOEMzNC41OTI5IDMzLjkwMDggNDMuNTkyOSAzMC45MDA4IDQ3LjM5MjkgMjMuMzUwOEM1MS4xOTI5IDE1LjgwMDggNDguMjkyOSA2LjU1MDc2IDQwLjk0MjkgMi43MDA3NkMzNy4yOTI5IDAuNzUwNzYzIDMzLjI0MjkgMC41NTA3NjMgMjkuNTkyOSAxLjc1MDc2QzI5LjU5MjkgMS43NTA3NiAyOC44NDI5IDEuODUwNzYgMjYuOTkyOSAyLjk1MDc2QzI2Ljk5MjkgMi45NTA3NiAyOC41NDI5IDMuOTAwNzYgMzAuMzQyOSA2Ljg1MDc2QzMwLjM0MjkgNi44NTA3NiAzMC4zNDI5IDYuODUwNzYgMzAuMzQyOSA2LjkwMDc2QzMyLjk0MjkgNS44MDA3NiAzNS45NDI5IDUuODUwNzYgMzguNjQyOSA3LjI1MDc2QzQzLjU0MjkgOS44NTA3NiA0NS40NDI5IDE2LjAwMDggNDIuOTQyOSAyMS4wNTA4QzQwLjM5MjkgMjYuMTAwOCAzNC4zOTI5IDI4LjA1MDggMjkuNDkyOSAyNS41MDA4QzI2LjU0MjkgMjMuOTUwOCAyNC42OTI5IDIxLjEwMDggMjQuMTkyOSAxNy45NTA4TDE5LjE0MjkgMTUuMzAwOEMxOC43NDI5IDIxLjIwMDggMjEuNzQyOSAyNy4xMDA4IDI3LjI0MjkgMzAuMDAwOFoiIGZpbGw9IiM4REM2M0YiLz4KPC9zdmc+Cg=="
http://www.yola.com,No logos to scrape
http://www.distilled.net,403: The requested resource is forbidden
http://www.ucoz.ru,No logos to scrape
http://www.bluestacks.com,https://cdn-www.bluestacks.com/bs-images/logo-icon.png
http://www.onet.pl,https://ocdn.eu/omp3-images-transforms/1/a3Ak9lBaHR0cHM6Ly9vY2RuLmV1L3B1bHNjbXMvTURBXy82MGVjNDdjNTQ1MWQ4NzAxMGM4ZjExNzA5YmQ2ZmM1OS5wbmeSkwXNAeDMyJUGzP_M_8z_AN4AAaEwAQ
http://www.budgetmobile.com,403: The requested resource is forbidden
http://www.clear.com,403: The requested resource is forbidden
http://www.microsoftonline.com,Connection Error
http://www.meetingsfocus.com,https://www.meetingsfocus.com/files/portals/0/images/bpa_logo.gif
http://www.mapilab.com,No logos to scrape
http://www.sendible.com,https://www.sendible.com/hs-fs/hubfs/website-media/content/customer-logo-nhs-24.png?width=54&height=45&name=customer-logo-nhs-24.png
http://www.apartmenthomeliving.com,Timeout
http://www.ccrane.com,https://cdn11.bigcommerce.com/s-5su7s5q6od/images/stencil/original/logo-blue_1579301974__28783.original.png
http://www.cj.com,No logos to scrape
http://www.pcmatic.com,/images/pcmatic-logo.svg
http://www.ringrevenue.com,https://assets-global.website-files.com/5d82e225060d003d65ddae98/61d65ab0187c4a14922fe46d_rogers_logo.svg
http://www.firehost.com,403: The requested resource is forbidden
http://www.orangesoda.com,Timeout
http://www.daum.net,No logos to scrape
http://www.affiliatetechnology.com,Timeout
http://www.rappler.com,No logos to scrape
http://www.raventools.com,/img/home-new/raven-dark.png
http://www.swappa.com,403: The requested resource is forbidden
http://www.shaw.ca,//images.ctfassets.net/tzb4ihmthaev/6KqJWx3CfikvQjBxSTzyZy/2dbad57a74518ba6d4d44fa0b877f979/Rogers_Shaw_Logo_Shaw_Blue.svg
http://www.codero.com,No logos to scrape
http://www.fc2.com,No logos to scrape
http://www.callfire.com,No logos to scrape
http://www.skimlinks.com,403: The requested resource is forbidden
http://www.cablemover.com,403: The requested resource is forbidden
http://www.tbo.com,/img/logo.svg
http://www.tdstelecom.com,/content/dam/tdstelecom/images/logos/tds-logo.svg
http://www.mobileroadie.com,https://cdn-static.mobileroadie.com/img/apps/named/taylor.png
http://www.astraweb.com,No logos to scrape
http://www.adsage.com,No logos to scrape
http://www.webnode.cz,No logos to scrape
http://www.ixiacom.com,No logos to scrape
http://www.codetwo.com,403: The requested resource is forbidden
http://www.topseos.com,No logos to scrape
http://www.free.fr,/assets/navHeader/icons/free.svg
http://www.interserver.net,403: The requested resource is forbidden
http://www.ugr.es,/sites/default/files/2023-07/cacocu.png
http://www.harmon.ie,No logos to scrape
http://www.kajabi.com,https://assets-global.website-files.com/636d558d22450beaf3bcdb34/6373de253c5d3ad013a34ec4_Pirmary.svg
http://www.3cx.com,403: The requested resource is forbidden
http://www.cleverbridge.com,https://grow.cleverbridge.com/hs-fs/hubfs/2_Logos/2-2_External/2-2-1_Clients/Avira_Antivirus_Logo.svg.png?width=1200&height=1200&name=Avira_Antivirus_Logo.svg.png
http://www.woopra.com,No logos to scrape
http://www.litmus.com,https://www.litmus.com/wp-content/themes/litmus/dist/images/litmus-logo.svg
http://www.ipass.com,No logos to scrape
http://www.videotron.com,Timeout
http://www.lightreading.com,403: The requested resource is forbidden
http://www.lifehealthpro.com,Timeout
http://www.yahoo.co.jp,No logos to scrape
http://www.asmallorange.com,403: The requested resource is forbidden
http://www.towerstream.com,No logos to scrape
http://www.g3telecom.com,/content/images/main/img_logo.png
http://www.cjb.net,403: The requested resource is forbidden
http://www.slideshop.com,403: The requested resource is forbidden
http://www.genuitec.com,No logos to scrape
http://www.marcaria.com,No logos to scrape
http://www.netatlantic.com,https://www.netatlantic.com/assets/images/logo-white.png
http://www.mlxchange.com,Connection Error
http://www.elasticemail.com,https://elasticemail.com/wp-content/themes/elasticemail/img/front-page/email-marketing-logo.svg
http://www.greengeeks.com,/includes/images/logo.png
http://www.aheadworks.com,/media/aheadworks/home/logos/1800Flowers.png
http://www.terremark.com,Timeout
http://www.appspot.com,No logos to scrape
http://www.logiforms.com,https://www.logiforms.com/wp-content/themes/logiforms/images/logo.png
http://www.hubshout.com,https://s3.amazonaws.com/portaltasks/12538261_20200528_6664617.png
http://www.housing.com,https://is1-2.housingcdn.com/0b8ad14c/f53fd0675111bbb621806173ef8e9e5f/v2/medium.jpg
http://www.prv.pl,No logos to scrape
http://www.adonit.net,/assets/images/logo_horizontal_w-4e0b7090.png
http://www.fuzemeeting.com,403: The requested resource is forbidden
http://www.serverpronto.com,../logos/SPlogo_white_small.png
http://www.cx.com,Connection Error
http://www.exclaimer.com,No logos to scrape
http://www.virtualpbx.com,403: The requested resource is forbidden
http://www.axmag.com,Connection Error
http://www.suffolk.edu,/-/media/suffolk/images/svg/suffolk-logo-horizontal.svg
http://www.scorpiondesign.com,No logos to scrape
http://www.companionlink.com,403: The requested resource is forbidden
http://www.nextworth.com,Timeout
http://www.acquisio.com,https://www.acquisio.com/wp-content/themes/understrap-child/img/logo_acquisio.svg
http://www.techradar.com,https://vanilla.futurecdn.net/techradar/media/img/missing-image.svg
http://www.flipbuilder.com,No logos to scrape
http://www.rcrwireless.com,"data:image/svg+xml,%3Csvg%20xmlns='http://www.w3.org/2000/svg'%20viewBox='0%200%20300%2099'%3E%3C/svg%3E"
http://www.bang-olufsen.com,//images.ctfassets.net/8cd2csgvqd3m/3o6RN06GNoDMAyJhVqftSZ/4822ba988465f56310bddec0f4151bd2/B_O_Black.svg
http://www.ezanga.com,No logos to scrape
http://www.ebrandz.com,403: The requested resource is forbidden
http://www.silktide.com,No logos to scrape
http://www.freedomvoice.com,No logos to scrape
http://www.amantel.com,https://www.amantel.com/images/logo-fix.png
http://www.voicestar.com,No logos to scrape
http://www.searchmarketingexpo.com,403: The requested resource is forbidden
http://www.sfr.fr,Timeout
http://www.performics.com,https://www.performics.com/wp-content/themes/PFX/img/performics_logo_white.svg
http://www.showingsuite.com,No logos to scrape
http://www.cellcom.co.il,No logos to scrape
http://www.allmyfaves.com,No logos to scrape
http://www.mawebcenters.com,//www.mawebcenters.com/images/ma_footer_logo_dark.png
http://www.zedge.net,https://zedgenet.cdn.prismic.io/zedgenet%2F9cc7edab-d558-48cb-8c62-09a6751c1867_zedge-logo.svg
http://www.gazeta.ru,https://static.gazeta.ru/nm2021/img/logo_2021.svg
http://www.nimbuzz.com,No logos to scrape
http://www.truconnect.com,https://tc-static-production-wpm.s3-accelerate.amazonaws.com/var/assets/_default_upload_bucket/Forbes%20%281%29_1.svg
http://www.vresp.com,No logos to scrape
http://www.trapcall.com,No logos to scrape
http://www.bb-elec.com,Timeout
http://www.manageflitter.com, /assets/img/logo-transparent.png?v=763498403e
http://www.libero.it,/public/dva/4.13/img/logo_libero.svg
http://www.seewhy.com,Connection Error
http://www.imeet.com,403: The requested resource is forbidden
http://www.seomoz.org,403: The requested resource is forbidden
http://www.flipsnack.com,https://cdn.flipsnack.com/site/images/flipsnack-logo-dark-blue.gz.svg
http://www.tmcnet.com,403: The requested resource is forbidden
http://www.olark.com,https://www.olark.com/img/views/index/benefits/Animation_SVGs-01.jpg
http://www.wisestamp.com,https://static.cdn.wisestamp.com/wp-content/uploads/2021/07/Beautiful-moving-logo-signature-footer.gif
http://www.elevenwireless.com,https://www.elevensoftware.com/hubfs/Eleven%20Software_Horizontal_Color.svg
http://www.webceo.com,https://site.wstatic.net/static/images/site/update/WebCEO-online-SEO-tools.b5710de344ba.svg
http://www.37signals.com,No logos to scrape
http://www.app.net,403: The requested resource is forbidden
http://www.mindspring.com,Timeout
http://www.vocalocity.com,Connection Error
http://www.ojooo.com,403: The requested resource is forbidden
http://www.ntlworld.com,No logos to scrape
http://www.pasternack.com,No logos to scrape
http://www.cincinnatibell.com,Timeout
http://www.zain.com,403: The requested resource is forbidden
http://www.xo.com,No logos to scrape
http://www.befunky.com,No logos to scrape
http://www.brighthand.com,403: The requested resource is forbidden
http://www.cases.com,https://cdn11.bigcommerce.com/s-2gwuho/images/stencil/original/cases_logo_1686199468__94598.original.png
http://www.morevisibility.com,No logos to scrape
http://www.tmobile.jobs,No logos to scrape
http://www.dslextreme.com,Timeout
http://www.androidauthority.com,https://www.androidauthority.com/wp-content/uploads/2022/03/T-Mobile-logo-on-sign-scaled.jpg
http://www.de.vu,No logos to scrape
http://www.telehispanic.com,No logos to scrape
http://www.mygrande.com,/wp-content/themes/astound/images/logos/logo-astound-vertical.png
http://www.sina.com,https://image2.sina.com.cn/img/sina-logo.png
http://www.net.com,Connection Error
http://www.clearme.com,No logos to scrape
http://www.mainstreethost.com,https://www.mainstreethost.com/wp-content/themes/bones/library/images/logo.svg
http://www.startec.com,No logos to scrape
http://www.dishtv.com,No logos to scrape
http://www.artisteer.com,No logos to scrape
http://www.ojon.com,Connection Error
http://www.custhelp.com,Timeout
http://www.callture.com,"data:image/svg+xml;base64,PD94bWwgdmVyc2lvbj0iMS4wIiBlbmNvZGluZz0iVVRGLTgiPz4NCjxzdmcgd2lkdGg9IjEzLjg2NW1tIiBoZWlnaHQ9IjkuMjA2NG1tIiB2ZXJzaW9uPSIxLjEiIHZpZXdCb3g9IjAgMCAxMy44NjUgOS4yMDY0IiB4bWxucz0iaHR0cDovL3d3dy53My5vcmcvMjAwMC9zdmciIHhtbG5zOmNjPSJodHRwOi8vY3JlYXRpdmVjb21tb25zLm9yZy9ucyMiIHhtbG5zOmRjPSJodHRwOi8vcHVybC5vcmcvZGMvZWxlbWVudHMvMS4xLyIgeG1sbnM6cmRmPSJodHRwOi8vd3d3LnczLm9yZy8xOTk5LzAyLzIyLXJkZi1zeW50YXgtbnMjIj4NCjxtZXRhZGF0YT4NCjxyZGY6UkRGPg0KPGNjOldvcmsgcmRmOmFib3V0PSIiPg0KPGRjOmZvcm1hdD5pbWFnZS9zdmcreG1sPC9kYzpmb3JtYXQ+DQo8ZGM6dHlwZSByZGY6cmVzb3VyY2U9Imh0dHA6Ly9wdXJsLm9yZy9kYy9kY21pdHlwZS9TdGlsbEltYWdlIi8+DQo8ZGM6dGl0bGUvPg0KPC9jYzpXb3JrPg0KPC9yZGY6UkRGPg0KPC9tZXRhZGF0YT4NCjxnIHRyYW5zZm9ybT0idHJhbnNsYXRlKC0xMTUuMTQgLTE0MC4zNykiIGZpbGw9IiNlNjQ3MDAiIHN0cm9rZS13aWR0aD0iLjM1Mjc3Ij4NCjxwYXRoIGQ9Im0xMjEuNDYgMTQxLjQ3YzAgMC42MDkwOS0wLjQ5MTkzIDEuMTAxLTEuMTAxIDEuMTAxLTAuNjA3NzEgMC0xLjEwMS0wLjQ5MTkzLTEuMTAxLTEuMTAxIDAtMC42MDc3MSAwLjQ5MzMxLTEuMTAxIDEuMTAxLTEuMTAxIDAuNjA5MDggMCAxLjEwMSAwLjQ5MzMxIDEuMTAxIDEuMTAxIi8+DQo8cGF0aCBkPSJtMTI1Ljg5IDE0Mi45OHMtMTAuNzA3IDAuNDMxMzMtMTAuNzQ3IDIuMzMxNmMtN2UtMyAwLjM1Mjc3IDAuMzUxMzkgMC43NzAzIDIuMTA1NiAxLjU2ODIgNS43MjQzIDIuNjAzIDExLjc2IDIuNjg5OCAxMS43NiAyLjY4OThzLTguMzk0OC0xLjg4NTEtOC44ODc5LTMuNzIyYy0wLjM1OTY0LTEuMzM2NyA1Ljc2OTUtMi44Njc2IDUuNzY5NS0yLjg2NzYiLz4NCjwvZz4NCjwvc3ZnPg0K"
http://www.bossrevolution.com,No logos to scrape
http://www.cmo.com,No logos to scrape
http://www.vat19.com,//images.vat19.com/branding/payment-options-2021.jpg
http://www.openx.org,Connection Error
http://www.telenet.be,No logos to scrape
http://www.finditquick.com,"https://static.HugeDomains.com/images/hdv3-img/hugedomains_logo_notag_white.png
"
http://www.appadvice.com,No logos to scrape
http://www.sorensonvrs.com,403: The requested resource is forbidden
http://www.assurancewireless.com,403: The requested resource is forbidden
http://www.voipreview.org,/sites/voipreview.org/themes/voipreview/images/voipreview_logo.png
http://www.osiaffiliate.com,new-homepage/images/client-logo-01.png
http://www.galeon.com,No logos to scrape
http://www.dialogic.com,/-/media/purchase/logo/teles_logo.png?h=75&iar=0&w=170&hash=2C4C65818F0658AABB0F67BD10B9523F
http://www.website.ws,No logos to scrape
http://www.exede.com,No logos to scrape
http://www.qwestoffice.net,cl_logo_small.jpg
http://www.excite.co.jp,No logos to scrape
http://www.etoncorp.com,//etoncorp.com/cdn/shop/files/eton_logo_100_red_410x.png?v=1613706807
http://www.sierrawireless.com,Timeout
http://www.url.com,403: The requested resource is forbidden
http://www.whatismyipaddress.com,403: The requested resource is forbidden
http://www.savenkeep.com,Connection Error
http://www.webimax.com,https://www.webimax.com/hs-fs/hubfs/logo-webimax-notag-white.png?width=175&height=37&name=logo-webimax-notag-white.png
http://www.eukhost.com,403: The requested resource is forbidden
http://www.5linx.com,403: The requested resource is forbidden
http://www.echostar.com,No logos to scrape
http://www.publicrecords.com,No logos to scrape
http://www.bellsouth.com,No logos to scrape
http://www.dotster.com,/static/cs/img/logo.svg
http://www.dxengineering.com,No logos to scrape
http://www.viaero.com,No logos to scrape
http://www.limestonenetworks.com,No logos to scrape
http://www.tones7.com,No logos to scrape
http://www.tapjoy.com,"data:image/gif;base64,R0lGODlhAQABAAAAACH5BAEKAAEALAAAAAABAAEAAAICTAEAOw=="
http://www.exabytes.com,403: The requested resource is forbidden
http://www.seo.com,https://www.seo.com/wp-content/uploads/2023/08/cropped-seodotcom.png
http://www.socialblade.com,403: The requested resource is forbidden
http://www.scannermaster.com,https://www.paypalobjects.com/webstatic/mktg/logo/pp_cc_mark_37x23.jpg
http://www.morningprint.com,/image/common/logo_20201.jpg?v=20230825
http://www.howlifeworks.com,No logos to scrape
http://www.50megs.com,No logos to scrape
http://www.in.com,No logos to scrape
http://www.pagesperso-orange.fr,403: The requested resource is forbidden
http://www.turnkeyinternet.net,No logos to scrape
http://www.gogvo.com,https://gogvo.com/images/gvo-logo-new.jpg
http://www.freeiz.com,Connection Error
http://www.brainhost.com,No logos to scrape
http://www.starhub.com,No logos to scrape
http://www.whoson.com,https://www.whoson.com/img/home/parkero-software-white.png
http://www.sitepal.com,https://www.sitepal.com/images/scenes/Spin-1s-200px.gif
http://www.site24x7.com,//img.site24x7static.com/images/site24x7-logo-new.svg?p=Aug_24_2023
http://www.coveroo.com,Connection Error
http://www.voki.com,403: The requested resource is forbidden
http://www.cmswire.com,No logos to scrape
http://www.localnet.com,No logos to scrape
http://www.hotspotsystem.com,No logos to scrape
http://www.bamboosolutions.com,403: The requested resource is forbidden
http://www.talkfusion.com,/images/talkfusion-registered-32f1aa18c217ea77e5b96cb903122e5a.svg?vsn=d
http://www.esmas.com,/img/logos/Logo.svg
http://www.shopclues.com,No logos to scrape
http://www.wealthyaffiliate.com,No logos to scrape
http://www.wayin.com,403: The requested resource is forbidden
http://www.telestial.com,No logos to scrape
http://www.4t.com,No logos to scrape
http://www.superb.net,/images2/main/4_accountrap-v1.png
http://www.uverse.com,/uverse-tv/themes/custom/attsite_vbtheme/logo-print.png
http://www.zetaboards.com,Connection Error
http://www.trafficwave.net,/webincludes/corp/images/TRWV-light-logo.png
http://www.angelfire.com,No logos to scrape
http://www.pragmaticworks.com,403: The requested resource is forbidden
http://www.comcastbiz.net,No logos to scrape
http://www.doteasy.com,403: The requested resource is forbidden
http://www.bicsi.org,No logos to scrape
http://www.atwebpages.com,No logos to scrape
http://www.sperrysoftware.com,Timeout
http://www.wpromote.com,https://www.wpromote.com/wp-content/uploads/2023/05/campaign@2x.png?ver=1684353710.2020
http://www.trustedreviews.com,https://www.trustedreviews.com/wp-content/uploads/sites/54/2019/08/trusted-reviews-logo-white-320x91.png
http://www.highspeedinternet.com,https://www.highspeedinternet.com/app/uploads/2022/05/centurylink.svg
http://www.aflglobal.com,https://afl-delivery.stylelabs.cloud/api/public/content/f4a05b9b3b1e4dbc886f9d88af382375?v=6496b6f7?h=35&w=109
http://www.emailfinder.com,/content-assets/images/solutions/img-ps-logo.svg
http://www.appsgeyser.com,No logos to scrape
http://www.balsamiq.com,No logos to scrape
http://www.adgooroo.com,https://www.adthena.com/wp-content/uploads/2022/06/logo-bupa.svg
http://www.windstream.net,No logos to scrape
http://www.5linx.net,403: The requested resource is forbidden
http://www.conversocial.com,No logos to scrape
http://www.mooo.com,No logos to scrape
http://www.leadbolt.com,403: The requested resource is forbidden
http://www.advantech.com.tw,No logos to scrape
http://www.cordlessworkz.com,403: The requested resource is forbidden
http://www.101domain.com,https://www.101domain.com/images/101domain/101domain-logo.svg
http://www.onlinehome.us,403: The requested resource is forbidden
http://www.maxmind.com,https://static.maxmind.com/4071d5332e028207ad60/images/maxmind-footer-logo.svg
http://www.mojo-themes.com,Timeout
http://www.afternic.com,No logos to scrape
http://www.roadrunner.com,/application/modules/mail/views/scripts/mail/images/logos/spectrum-logo.svg?v=2.17.1_4
http://www.phonedog.com,https://news.wirefly.com/sites/phonedog.com/files/styles/home_latest_news/public/blog/featured_image/2020/12/samsung-pay-title.jpg?itok=Xmt4L259
http://www.connectify.me,No logos to scrape
http://www.dynadot.com,No logos to scrape
http://www.techwyse.com,403: The requested resource is forbidden
http://www.tiptopwebsite.com,No logos to scrape
http://www.technobuffalo.com,https://vanilla.futurecdn.net/techradar/media/img/missing-image.svg
http://www.socialgo.com,403: The requested resource is forbidden
http://www.dishlatino.com,https://sc.dish.com/shared/images/station-logos/UNVSN.png
http://www.startlogic.com,403: The requested resource is forbidden
http://www.alaskacommunications.com,/-/media/Images/AKCS_Global/social-facebook.ashx?h=25&w=25&la=en&hash=176246DE565A206695A0E9CC66A866A6
http://www.androidpolice.com,Connection Error
http://www.avea.com.tr,Connection Error
http://www.us.com,No logos to scrape
http://www.webatu.com,Connection Error
http://www.t-mobile.pl,No logos to scrape
http://www.ctia.org,No logos to scrape
http://www.dyndns.org,No logos to scrape
http://www.prankdial.com,No logos to scrape
http://www.sync2.com,/Content/images/svg/logo_4team_w.svg
http://www.zamzar.com,No logos to scrape
http://www.progrexion.com,403: The requested resource is forbidden
http://www.idnes.cz,No logos to scrape
http://www.voltage.com,403: The requested resource is forbidden
http://www.avispl.com,403: The requested resource is forbidden
http://www.360cities.net,No logos to scrape
http://www.pennytalk.com,No logos to scrape
http://www.atlanticbt.com,"data:image/svg+xml,%3Csvg%20xmlns='http://www.w3.org/2000/svg'%20viewBox='0%200%20529%20279'%3E%3C/svg%3E"
http://www.thesslstore.com,403: The requested resource is forbidden
http://www.qualityunit.com,No logos to scrape
http://www.ez.no,/assets/images/ibexa_logo.svg
http://www.boxwave.com,No logos to scrape
http://www.e-monsite.com,https://www.e-monsite.com/medias/site/logos/logo-e-monsite-portail.png
http://www.luxsci.com,No logos to scrape
http://www.pixelcrayons.com,"data:image/svg+xml,%3Csvg%20xmlns='http://www.w3.org/2000/svg'%20viewBox='0%200%20250%2068'%3E%3C/svg%3E"
http://www.serverintellect.com,Connection Error
http://www.hamradiolicenseexam.com,No logos to scrape
http://www.hsselite.com,/imgs/hotspot-shield-logo.1.0.0.svg
http://www.jsu.edu,//www.jsu.edu/_common/_redesign/_files/images/logo/logo.png
http://www.codecademy.com,No logos to scrape
http://www.rambler.ru,No logos to scrape
http://www.appnovation.com,No logos to scrape
http://www.bigtent.com,Connection Error
http://www.tut.by,Connection Error
http://www.hover.com,/packs/src/application/images/common/hv-logo-2020-e535dce1f67e9a648643e23cac750002.svg
http://www.deviceanywhere.com,Connection Error
http://www.websitetoolbox.com,No logos to scrape
http://www.shopgate.com,https://www.shopgate.com/hubfs/ShopGate/Images/12321321.svg
http://www.fortumo.com,https://uploads-ssl.webflow.com/645423569ed898641ae38583/64a66e89fcd2d9f113bfdae1_netflix-logo.png
http://www.highervisibility.com,https://www.highervisibility.com/wp-content/uploads/2022/08/logo-dark.svg
http://www.hellofax.com,No logos to scrape
http://www.searchmarketing.com,Timeout
http://www.magicjack.com,403: The requested resource is forbidden
http://www.actiance.com,403: The requested resource is forbidden
http://www.mts.com,/-/media/global/mts-logo.svg?as=1&la=en&h=58&w=58&mw=58&hash=24B4BB700A1B28F9BEC2EA85952F9C81
http://www.differencebetween.net,No logos to scrape
http://www.toucharcade.com,styles/toucharcade/toucharcade/footer-logo.png
http://www.searchbug.com,No logos to scrape
http://www.ipevo.com,No logos to scrape
http://www.scosche.com,No logos to scrape
http://www.mongoosemetrics.com,No logos to scrape
http://www.irise.com,No logos to scrape
http://www.goo.ne.jp,No logos to scrape
http://www.emarketer.com,No logos to scrape
http://www.hotmail.com,No logos to scrape
http://www.cellhut.com,403: The requested resource is forbidden
http://www.oversee.net,Connection Error
http://www.answernet.com,"data:image/svg+xml,%3Csvg%20xmlns='http://www.w3.org/2000/svg'%20viewBox='0%200%20150%20150'%3E%3C/svg%3E"
http://www.wirelesszone.com,403: The requested resource is forbidden
http://www.link-assistant.com,https://cdn1.link-assistant.com/images/common-theme/product-pages/homepage/leader-1.svg
http://www.openxcell.com,403: The requested resource is forbidden
http://www.101phones.com,403: The requested resource is forbidden
http://www.pchome.com.tw,No logos to scrape
http://www.allwebcodesign.com,No logos to scrape
http://www.brinkster.net,No logos to scrape
http://www.pku.edu.cn,No logos to scrape
http://www.biglobe.ne.jp,No logos to scrape
http://www.aricent.com,Connection Error
http://www.spoofcard.com,403: The requested resource is forbidden
http://www.cmworks.com,/globalassets/logos/cmco/new---intelligent-motion/cmco-im-full-logo-vertical-spot-update.svg
http://www.jobvertise.com,No logos to scrape
http://www.brafton.com,No logos to scrape
http://www.tigo.com.gt,No logos to scrape
http://www.onebox.com,/images/default-source/logos/erecepionist-logo-white.png?sfvrsn=f2968b67_0
http://www.uservoice.com,https://assets.website-files.com/60d5fccd073e73765ce22806/638a54ad75e31848c05de4e7_Group%206036.svg
http://www.atmail.com,https://www.atmail.com/wp-content/uploads/2021/04/logoalt_1.svg
http://www.midcocomm.com,Connection Error
http://www.vocalcom.com,https://www.vocalcom.com/wp-content/themes/yagami-adveris/web/src/img/icon/logo.svg
http://www.kabeldeutschland.de,No logos to scrape
http://www.ocn.ne.jp,No logos to scrape
http://www.ducttapemarketing.com,https://149781471.v2.pressablecdn.com/wp-content/uploads/2022/08/15921-New-logo-Final-Transparent_Full-Color.png
http://www.online.de,Timeout
http://www.maktoob.com,No logos to scrape
http://www.mylikes.com,Timeout
http://www.gototraining.com,No logos to scrape
http://www.wordtracker.com,No logos to scrape
http://www.appappeal.com,Timeout
http://www.mail.ru,//limg.imgsmail.ru/splash/v/i/logo_2021-fp-5f22369bd6.png
http://www.webspawner.com,Connection Error
http://www.shop-pro.jp,https://static-www.shop-pro.jp/img/shared/corporate-logo_goemon.png
http://www.padandquill.com,403: The requested resource is forbidden
http://www.kunocreative.com,No logos to scrape
http://www.cardosystems.com,https://www.cardosystems.com/wp-content/themes/cardo/assets/img/logo-no-text-dark.svg
http://www.clickworker.com,No logos to scrape
http://www.onesimcard.com,No logos to scrape
http://www.siemon.com,/ResourcePackages/Siemon/assets/dist/images/template/logo-2x.png
http://www.movistar.com.pe,Connection Error
http://www.peerfly.com,403: The requested resource is forbidden
http://www.oxygenxml.com,/img/Oxygen_new_60.png
http://www.infinera.com,/wp-content/themes/infinera/img/logo-header-400px.png
http://www.wowslider.com,No logos to scrape
http://www.voodoo.com,Connection Error
http://www.hongkiat.com,No logos to scrape
http://www.i9sports.com,https://i9sportsprod.wpengine.com/wp-content/uploads/2019/03/project-play-image.jpg
http://www.dsstyles.com,//www.dsstyles.com/cdn/shop/t/3/assets/logo.png?v=117779399784857531411672219686
http://www.indianic.com,No logos to scrape
http://www.mailinator.com,/wp-content/uploads/2021/05/Mailinator-Logo.svg
http://www.gelaskins.com,//www.gelaskins.com/cdn/shop/files/GS-wordmark_3841767d-572e-40d8-8c0e-3d3b993bca4a_140x.png?v=1687377732
http://www.boostability.com,"data:image/gif;base64,R0lGODlhAQABAAAAACH5BAEKAAEALAAAAAABAAEAAAICTAEAOw=="
http://www.edmundsassoc.com,403: The requested resource is forbidden
http://www.keku.com,No logos to scrape
http://www.sonetel.com,No logos to scrape
http://www.x10.com,//www.x10.com/cdn/shop/files/logo-white_a62c5c2f-c313-4626-bd07-068928ca203f_100x.png?v=1614379523
http://www.ahrefs.com,https://static.ahrefs.com/static/assets/adobe.5919f5a6180fd72d6db3.svg
http://www.wildblue.com,Timeout
http://www.eurodns.com,No logos to scrape
http://www.mysimplemobile.com,No logos to scrape
http://www.mobilestorm.com,403: The requested resource is forbidden
http://www.mynewsletterbuilder.com,No logos to scrape
http://www.wilsonelectronics.com,/_next/image?url=https%3A%2F%2Fassets.wilsonelectronics.com%2Fm%2F5a8a8dbb4781404c%2Foriginal%2Fwilsonelectronics-logo.svg&w=384&q=75
http://www.lolipop.jp,/img/default/home/lolipop-logo.svg
http://www.telefonica.com,No logos to scrape
http://www.8m.com,Connection Error
http://www.symanteccloud.com,No logos to scrape
http://www.sungardas.com,https://302335.fs1.hubspotusercontent-na1.net/hubfs/302335/logo-sungard-availability-services.svg
http://www.x10.mx,403: The requested resource is forbidden
http://www.freedomsoft.com,No logos to scrape
http://www.000webhost.com,//www.000webhost.com/static/default.000webhost.com/images/logo/000webhost-logo.svg
http://www.fax.com,403: The requested resource is forbidden
http://www.kozzi.com,403: The requested resource is forbidden
http://www.dnsmadeeasy.com,https://assets-global.website-files.com/6019c2730025bb47a28f7167/644022fcf04da5592dd74e69_DIGICERT_DNS_TRUST_MANAGER_LOGO.svg
http://www.hostpapa.com,403: The requested resource is forbidden
http://www.cellebrite.com,403: The requested resource is forbidden
http://www.contactology.com,"data:image/gif;base64,R0lGODlhAQABAAAAACH5BAEKAAEALAAAAAABAAEAAAICTAEAOw=="
http://www.brightlocal.com,https://d317jr06u12xtj.cloudfront.net/2022/02/LYL2gygg-BL-Logo-ukr-small.svg
http://www.offervault.com,No logos to scrape
http://www.hosting.com,img/landing_themes/broker_saw/SQUARETRANS.png
http://www.onetouch.com,https://www.onetouch.com/profiles/custom/onetouch_profile/themes/onetouch_base_theme/images/logo-onetouch-rebrand.png
http://www.gmx.es,"data:image/svg+xml;base64,PD94bWwgdmVyc2lvbj0iMS4wIiBlbmNvZGluZz0idXRmLTgiPz4KPCEtLSBHZW5lcmF0b3I6IEFkb2JlIElsbHVzdHJhdG9yIDIyLjAuMSwgU1ZHIEV4cG9ydCBQbHVnLUluIC4gU1ZHIFZlcnNpb246IDYuMDAgQnVpbGQgMCkgIC0tPgo8c3ZnIHZlcnNpb249IjEuMSIgaWQ9IkViZW5lXzEiIHhtbG5zPSJodHRwOi8vd3d3LnczLm9yZy8yMDAwL3N2ZyIgeG1sbnM6eGxpbms9Imh0dHA6Ly93d3cudzMub3JnLzE5OTkveGxpbmsiIHg9IjBweCIgeT0iMHB4IgoJIHZpZXdCb3g9IjAgMCA1MDguNSAxNjUuOCIgc3R5bGU9ImVuYWJsZS1iYWNrZ3JvdW5kOm5ldyAwIDAgNTA4LjUgMTY1Ljg7IiB4bWw6c3BhY2U9InByZXNlcnZlIj4KPHN0eWxlIHR5cGU9InRleHQvY3NzIj4KCS5zdDB7ZmlsbDojRkZGRkZGO30KPC9zdHlsZT4KPHBhdGggaWQ9IlgiIGNsYXNzPSJzdDAiIGQ9Ik00NTIuNSw3OC4xbDQ0LjItNzMuNmgtNDUuMWwtMjMuNSwzNy40TDQwMi44LDQuNWgtNDkuNEw0MDUuNSw3OGwtNTIuMSw4My4xaDQ5LjRMNDMxLDExNGwzMy40LDQ3LjEKCWg0NC4xTDQ1Mi41LDc4LjF6Ii8+CjxwYXRoIGlkPSJNIiBjbGFzcz0ic3QwIiBkPSJNMjg5LjIsNC41bC0zMy42LDgzLjdMMjIzLjgsNC41aC00MC4xbC0yNi42LDE1Ni42aDQwLjVsMTMuMS05MC4yaDAuNGwzNS45LDkwLjJoMTYuMmwzNy42LTkwLjJoMC41CglsMTEuNCw5MC4yaDQwLjdMMzI5LjcsNC41SDI4OS4yeiIvPgo8cGF0aCBpZD0iRyIgY2xhc3M9InN0MCIgZD0iTTgyLjcsNzMuOHYzMS44aDMzYy0xLjYsMTcuOS0xNS4xLDI3LTMyLjYsMjdjLTI2LjYsMC00MS0yNC41LTQxLTQ4LjdjMC0yMy43LDEzLjgtNDkuMSw0MC40LTQ5LjEKCWMxNi4zLDAsMjgsOS45LDMzLjYsMjQuN2wzOC40LTE2LjFDMTQxLjEsMTQuNCwxMTYuMywwLDg0LjMsMEMzNC4yLDAsMCwzMy4yLDAsODMuN2MwLDQ4LjksMzQsODIuMSw4Mi45LDgyLjEKCWMyNiwwLDQ4LjktOS4zLDY0LjEtMzAuNWMxMy44LTE5LjQsMTUuNS0zOC44LDE1LjktNjEuNUMxNjIuOSw3My44LDgyLjcsNzMuOCw4Mi43LDczLjh6Ii8+Cjwvc3ZnPgo="
http://www.gosquared.com,https://static.gosquared.com/images/nav/icons_social_twitter_01.png
http://www.websitepulse.com,No logos to scrape
http://www.ic.cz,No logos to scrape
http://www.cyberchimps.com,https://cyberchimps.com/wp-content/uploads/2019/08/Cyberchimps-Logo.webp
http://www.slickwraps.com,//www.slickwraps.com/cdn/shop/files/SW_LOGO_Big.png?v=1639119783&width=100
http://www.ocnk.net,No logos to scrape
http://www.pingo.com,https://pingo.com/images/logo.svg
http://www.zing.vn,No logos to scrape
http://www.stackideas.com,Connection Error
http://www.linksynergy.com,Connection Error
http://www.zixcorp.com,/themes/custom/zix/img/transition-hero/appriver_logo_new.png
http://www.handhelditems.com,Connection Error
http://www.powweb.com,403: The requested resource is forbidden
http://www.listbox.com,No logos to scrape
http://www.cloudsolutions.co.uk,https://cts.co/wp-content/uploads/2022/10/cts-logo-2-2.svg
http://www.pagesjaunes.ca,No logos to scrape
http://www.baydin.com,No logos to scrape
http://www.drippler.com,Connection Error
http://www.dataviz.com,403: The requested resource is forbidden
http://www.studyabroad.com,/sites/default/files/images/SABLogo_BlackAndGold.png
http://www.mobileread.com,No logos to scrape
http://www.pinpointe.com,https://www.pinpointe.com/wp-content/uploads/pinpointe-logo-notag1.png
http://www.wiggio.com,Connection Error
http://www.heliohost.org,No logos to scrape
http://www.digitaljournal.com,No logos to scrape
http://www.whatclinic.com,No logos to scrape
http://www.rockettheme.com,403: The requested resource is forbidden
http://www.drupalgardens.com,403: The requested resource is forbidden
http://www.etfdailynews.com,https://www.etfdailynews.com/wp-content/uploads/2022/03/etf-daily-news-logo-02.png
http://www.covario.com,Connection Error
http://www.northstate.net,https://www.lumosfiber.com/wp-content/uploads/2022/07/lumos-logo-new.svg
http://www.simplehelix.com,"data:image/gif;base64,R0lGODlhAQABAAAAACH5BAEKAAEALAAAAAABAAEAAAICTAEAOw=="
http://www.flurry.com,403: The requested resource is forbidden
http://www.uk2.net,/assets/images/brand-logo.svg
http://www.whmcs.com,/assets/images/logos/whmcs-co-brand-logo-inverse.svg
http://www.neuf.fr,No logos to scrape
http://www.blurbpoint.com,403: The requested resource is forbidden
http://www.sogosurvey.com,403: The requested resource is forbidden
http://www.weaknees.com,No logos to scrape
http://www.thebigboss.org,No logos to scrape
http://www.portent.com,https://www.portent.com/wp-content/themes/portent_portent/assets/images/logo-indigo.svg
http://www.pcb.com,/contentstore/MktgContent/web2a/img/PCB-Logo-2020.png
http://www.bravehost.com,No logos to scrape
http://www.sudokuprofessor.com,https://eidf2b4q3r9.exactdn.com/wp-content/uploads/2020/09/SPLogo-Recolor-Tiny-75.png?lossy=1&ssl=1
http://www.activecampaign.com,403: The requested resource is forbidden
http://www.onlinephonestore.com,403: The requested resource is forbidden
http://www.eatel.com,403: The requested resource is forbidden
http://www.tether.com,403: The requested resource is forbidden
http://www.voipsupply.com,No logos to scrape
http://www.piwik.org,"data:image/svg+xml;base64,PHN2ZyB4bWxucz0iaHR0cDovL3d3dy53My5vcmcvMjAwMC9zdmciIHZpZXdCb3g9IjAgMCA0NDEgNjAiIHdpZHRoPSI0NDEiIGhlaWdodD0iNjAiIGRhdGEtdT0iaHR0cHMlM0ElMkYlMkZtYXRvbW8ub3JnJTJGd3AtY29udGVudCUyRnVwbG9hZHMlMkYyMDIwJTJGMDMlMkZtYXRvbW8tbG9nby13aW5uZXItbW9iaWxlMy5wbmciIGRhdGEtdz0iNDQxIiBkYXRhLWg9IjYwIiBkYXRhLWJpcD0iIj48L3N2Zz4="
http://www.nana10.co.il,"https://media.reshet.tv/image/upload/f_auto,q_auto:best/v1684835752/assets/2023/Logo.png"
http://www.4team.biz,/i/fb-logo.png
http://www.entireweb.com,No logos to scrape
http://www.gosphero.com,//sphero.com/cdn/shop/files/sphero-logo-main_140x_2x_bf7493de-3d9b-4691-96d1-266d672f8782_140x.png?v=1614773987
http://www.iana.org,No logos to scrape
http://www.lunametrics.com,"data:image/svg+xml;base64,PHN2ZyBpZD0iTGF5ZXJfMSIgZGF0YS1uYW1lPSJMYXllciAxIiB4bWxucz0iaHR0cDovL3d3dy53My5vcmcvMjAwMC9zdmciIHZpZXdCb3g9IjAgMCA0MDIuMDMgNjYuNDkiIHJvbGU9ImltZyI+PHRpdGxlPkJvdW50ZW91czwvdGl0bGU+PGRlZnM+PHN0eWxlPi5jbHMtMXtmaWxsOiNGRkZGRkY7fTwvc3R5bGU+PC9kZWZzPjxwYXRoIGNsYXNzPSJjbHMtMSIgZD0iTTIwOS4xMSw0My40NWE2LjExLDYuMTEsMCwwLDAsNi4xLDYuMTFoLjkzdjE2aC0uNTlsLTEuMzksMGEyMS4zMSwyMS4zMSwwLDAsMS0xMC0yLjQ3LDIwLjI0LDIwLjI0LDAsMCwxLTcuNTYtNi42OUMxOTQuMjEsNTIuODMsMTkzLDQ4LDE5Myw0Mi4xMnYtMzJoMTUuODlsLS4xMSwxMS4xNkgyMTZWMzdoLTdsLjA5LDYuNDRNNzIuODMsMTkuOTRBMjMuMSwyMy4xLDAsMSwxLDQ5LjcyLDQzYTIzLjEzLDIzLjEzLDAsMCwxLDIzLjExLTIzLjFtMCwxNS4zMUE3Ljc5LDcuNzksMCwxLDAsODAuNjEsNDMsNy43OSw3Ljc5LDAsMCwwLDcyLjgzLDM1LjI1Wk0wLDQzVjBIMTUuMTFWMjEuMjloMEEyMy4xLDIzLjEsMCwxLDEsMCw0M20yMy4xLTcuNzlBNy43OSw3Ljc5LDAsMSwwLDMwLjg5LDQzLDcuOCw3LjgsMCwwLDAsMjMuMSwzNS4xOFpNOTkuODksNDUuNmEyMC44OSwyMC44OSwwLDEsMCw0MS43NywwVjIyLjI1SDEyNS44M2wwLDI0LjI3YTUuMDcsNS4wNywwLDEsMS0xMC4xNCwwVjIyLjI1SDk5Ljg4VjQ1LjZNMzE3LjA1LDQzQTIzLjEsMjMuMSwwLDEsMSwyOTQsMTkuOTQsMjMuMTQsMjMuMTQsMCwwLDEsMzE3LjA1LDQzWm0tMTUuMzIsMGE3Ljc4LDcuNzgsMCwxLDAtMi4yOCw1LjVBNy43OSw3Ljc5LDAsMCwwLDMwMS43Myw0M1ptNDUuNzgsMi41NWE1LjA3LDUuMDcsMCwxLDEtMTAuMTMsMFYyMS4zMkgzMjEuNTRWNDQuMjVsMCwuNDJhMjAuODksMjAuODksMCwwLDAsNDEuNzcsMFYyMS4zMkgzNDcuNVY0NS41OU0xNjYuOTIsMjAuMzdBMjAuOTEsMjAuOTEsMCwwLDAsMTQ2LDQxLjI2VjY1aDE1LjgzVjQwLjM0YTUuMDcsNS4wNywwLDAsMSwxMC4xNCwwVjY1aDE1LjgzbDAtMjMuNzVhMjAuOTEsMjAuOTEsMCwwLDAtMjAuODgtMjAuODltMjMxLjk0LDIxLjRjLTIuMDYtMi4xNS01LjItMy42Ni05LjMtNC40OC0xLjQyLS4zMi0yLjU3LS41OC0zLjQ0LS43OWE2LjYsNi42LDAsMCwxLTEuNzctLjYzYy0uNDItLjI1LS41My0uNDMtLjU1LS40OGExLjkzLDEuOTMsMCwwLDEtLjEzLS44MiwxLjY2LDEuNjYsMCwwLDEsLjg3LTEuNDcsNSw1LDAsMCwxLDIuNzgtLjY3LDE2LDE2LDAsMCwxLDcuNDIsMmwuNzEuMzYsNS42MS0xMC44NS0uOC0uMzNhMzUsMzUsMCwwLDAtMTMuNDEtMi42OUEyNi41NCwyNi41NCwwLDAsMCwzNzkuMSwyMmExOC4xMSwxOC4xMSwwLDAsMC02LDMuMDhBMTMuNjEsMTMuNjEsMCwwLDAsMzY5LjIsMzBhMTUuMzEsMTUuMzEsMCwwLDAtMS4zNSw2LjQ5LDEwLjc0LDEwLjc0LDAsMCwwLDIuOSw3LjkxYzEuOSwxLjkxLDUuMDksMy4yOSw5Ljc0LDQuMjMsMS4zLjI2LDIuMzYuNTEsMy4xNS43NGE2LjEyLDYuMTIsMCwwLDEsMS42NC42OSwxLjM3LDEuMzcsMCwwLDEsLjU0LjU4LDIuODgsMi44OCwwLDAsMSwuMTUsMSwxLjgzLDEuODMsMCwwLDEtLjkzLDEuNTcsNC45MSw0LjkxLDAsMCwxLTIuOC43M2MtMy40MywwLTcuMTItMS4zNC0xMS00bC0uNzUtLjUxLTYsMTEuNjQuNjUuMzhhMzIuODIsMzIuODIsMCwwLDAsMTYuNjksNC44LDI4LDI4LDAsMCwwLDguMS0xLjExQTE5Ljc3LDE5Ljc3LDAsMCwwLDM5Ni4zMSw2MmExNC4zNSwxNC4zNSwwLDAsMCw0LjItNS4wOEExNSwxNSwwLDAsMCw0MDIsNTAuMTVhMTEuNjQsMTEuNjQsMCwwLDAtMy4xNy04LjM4TTI2Ni42Myw0OC4zM0gyMzguMTZjLjI3LDMuMzgsMi45Miw1LDYsNWE1LjgzLDUuODMsMCwwLDAsNS40Mi0yLjkxbDE0LjA2LDVhMjIuNTUsMjIuNTUsMCwxLDEsMy03LjA5Wk0yNTAuNDksMzguMjVsMC0uNEMyNTAuMTcsMzUsMjQ3LjYzLDMzLDI0NC4xMiwzM3MtNi4wNiwyLTYuMzQsNC44NGwwLC40WiIvPjwvc3ZnPg=="
